,Location,Resort,Pass,Year,year,Total Snowfall,Snowfall Days,Average Base Depth,Average Summit Depth,Max Base Depth,Biggest Snowfall,Count,Unit,unit_inch
0,utah,Alta,Ikon,2012 - 2013,2012,"366""",76,"50""","52""","113""","17""",366,"""",366.0
1,utah,Alta,Ikon,2013 - 2014,2013,"353""",68,"64""","60""","124""","14""",353,"""",353.0
2,utah,Alta,Ikon,2014 - 2015,2014,"278""",56,"44""","42""","90""","19""",278,"""",278.0
3,utah,Alta,Ikon,2015 - 2016,2015,"286""",60,"51""","51""","116""","19""",286,"""",286.0
4,utah,Alta,Ikon,2016 - 2017,2016,"304""",55,"64""","63""","145""","19""",304,"""",304.0
5,utah,Alta,Ikon,2017 - 2018,2017,"190""",42,"54""","51""","115""","15""",190,"""",190.0
6,utah,Alta,Ikon,2018 - 2019,2018,"656""",92,"74""","73""","180""","27""",656,"""",656.0
7,utah,Alta,Ikon,2019 - 2020,2019,"326""",53,"50""","49""","134""","24""",326,"""",326.0
8,utah,Alta,Ikon,2020 - 2021,2020,"330""",52,"48""","50""","116""","27""",330,"""",330.0
9,utah,Alta,Ikon,2021 - To Date,2021,"265""",46,"72""","71""","114""","24""",265,"""",265.0
10,colorado,Arapahoe Basin,Ikon,2012 - 2013,2012,"281""",93,"35""","35""","69""","14""",281,"""",281.0
11,colorado,Arapahoe Basin,Ikon,2013 - 2014,2013,"418""",115,"56""","55""","90""","15""",418,"""",418.0
12,colorado,Arapahoe Basin,Ikon,2014 - 2015,2014,"314""",98,"39""","39""","62""","19""",314,"""",314.0
13,colorado,Arapahoe Basin,Ikon,2015 - 2016,2015,"290""",88,"48""","48""","80""","15""",290,"""",290.0
14,colorado,Arapahoe Basin,Ikon,2016 - 2017,2016,"345""",89,"53""","52""","78""","18""",345,"""",345.0
15,colorado,Arapahoe Basin,Ikon,2017 - 2018,2017,"247""",70,"40""","39""","73""","14""",247,"""",247.0
16,colorado,Arapahoe Basin,Ikon,2018 - 2019,2018,"329""",99,"56""","56""","99""","14""",329,"""",329.0
17,colorado,Arapahoe Basin,Ikon,2019 - 2020,2019,"173""",57,"34""","33""","69""","15""",173,"""",173.0
18,colorado,Arapahoe Basin,Ikon,2020 - 2021,2020,"236""",87,"39""","38""","62""","9""",236,"""",236.0
19,colorado,Arapahoe Basin,Ikon,2021 - To Date,2021,"100""",40,"43""","42""","62""","13""",100,"""",100.0
20,colorado,Aspen Snowmass,Ikon,2012 - 2013,2012,"309""",70,"24""","34""","61""","15""",309,"""",309.0
21,colorado,Aspen Snowmass,Ikon,2013 - 2014,2013,"326""",61,"39""","52""","90""","24""",326,"""",326.0
22,colorado,Aspen Snowmass,Ikon,2014 - 2015,2014,"220""",53,"24""","36""","57""","11""",220,"""",220.0
23,colorado,Aspen Snowmass,Ikon,2015 - 2016,2015,"305""",62,"36""","51""","72""","14""",305,"""",305.0
24,colorado,Aspen Snowmass,Ikon,2016 - 2017,2016,"319""",69,"26""","45""","61""","19""",319,"""",319.0
25,colorado,Aspen Snowmass,Ikon,2017 - 2018,2017,"233""",42,"21""","36""","52""","16""",233,"""",233.0
26,colorado,Aspen Snowmass,Ikon,2018 - 2019,2018,"396""",82,"83""","57""","8181""","22""",396,"""",396.0
27,colorado,Aspen Snowmass,Ikon,2019 - 2020,2019,"233""",60,"21""","30""","49""","15""",233,"""",233.0
28,colorado,Aspen Snowmass,Ikon,2020 - 2021,2020,"257""",59,"24""","35""","59""","20""",257,"""",257.0
29,colorado,Aspen Snowmass,Ikon,2021 - To Date,2021,"294""",48,"34""","55""","87""","19""",294,"""",294.0
30,california,Bear Mountain,Ikon,2012 - 2013,2012,"102""",16,"14""","22""","36""","18""",102,"""",102.0
31,california,Bear Mountain,Ikon,2013 - 2014,2013,"38""",8,"6""","13""","12""","10""",38,"""",38.0
32,california,Bear Mountain,Ikon,2014 - 2015,2014,"51""",10,"7""","14""","18""","11""",51,"""",51.0
33,california,Bear Mountain,Ikon,2015 - 2016,2015,"81""",16,"16""","24""","40""","18""",81,"""",81.0
34,california,Bear Mountain,Ikon,2016 - 2017,2016,"174""",19,"19""","26""","46""","24""",174,"""",174.0
35,california,Bear Mountain,Ikon,2017 - 2018,2017,"36""",10,"14""","20""","36""","8""",36,"""",36.0
36,california,Bear Mountain,Ikon,2018 - 2019,2018,"133""",19,"22""","32""","44""","18""",133,"""",133.0
37,california,Bear Mountain,Ikon,2019 - 2020,2019,"79""",13,"20""","23""","40""","18""",79,"""",79.0
38,california,Bear Mountain,Ikon,2020 - 2021,2020,"110""",15,"23""","31""","46""","28""",110,"""",110.0
39,california,Bear Mountain,Ikon,2021 - To Date,2021,"83""",12,"28""","37""","58""","13""",83,"""",83.0
40,montana,Big Sky,Ikon,2012 - 2013,2012,"395""",92,"31""","44""","59""","16""",395,"""",395.0
41,montana,Big Sky,Ikon,2013 - 2014,2013,"466""",81,"38""","51""","86""","26""",466,"""",466.0
42,montana,Big Sky,Ikon,2014 - 2015,2014,"236""",60,"25""","35""","49""","16""",236,"""",236.0
43,montana,Big Sky,Ikon,2015 - 2016,2015,"294""",79,"25""","44""","64""","12""",294,"""",294.0
44,montana,Big Sky,Ikon,2016 - 2017,2016,"277""",78,"28""","41""","58""","13""",277,"""",277.0
45,montana,Big Sky,Ikon,2017 - 2018,2017,"325""",80,"40""","58""","90""","15""",325,"""",325.0
46,montana,Big Sky,Ikon,2018 - 2019,2018,"266""",77,"31""","51""","265""","14""",266,"""",266.0
47,montana,Big Sky,Ikon,2019 - 2020,2019,"72""",28,"24""","40""","61""","9""",72,"""",72.0
48,montana,Big Sky,Ikon,2020 - 2021,2020,"162""",55,"27""","42""","59""","11""",162,"""",162.0
49,montana,Big Sky,Ikon,2021 - To Date,2021,"143""",47,"19""","41""","38""","10""",143,"""",143.0
50,ontario,Blue Mountain,Ikon,2012 - 2013,2012,"56""",29,"23""","23""","59""","6""",56,"""",56.0
51,ontario,Blue Mountain,Ikon,2013 - 2014,2013,"129""",60,"26""","26""","57""","10""",129,"""",129.0
52,ontario,Blue Mountain,Ikon,2014 - 2015,2014,"100""",41,"25""","24""","59""","10""",100,"""",100.0
53,ontario,Blue Mountain,Ikon,2015 - 2016,2015,"99""",32,"14""","14""","47""","18""",99,"""",99.0
54,ontario,Blue Mountain,Ikon,2016 - 2017,2016,"68""",33,"17""","17""","49""","8""",68,"""",68.0
55,ontario,Blue Mountain,Ikon,2017 - 2018,2017,"156""",63,"20""","19""","45""","8""",156,"""",156.0
56,ontario,Blue Mountain,Ikon,2018 - 2019,2018,"106""",45,"21""","20""","45""","7""",106,"""",106.0
57,ontario,Blue Mountain,Ikon,2019 - 2020,2019,"103""",44,"16""","16""","39""","8""",103,"""",103.0
58,ontario,Blue Mountain,Ikon,2020 - 2021,2020,"7""",6,"12""","11""","45""","3""",7,"""",7.0
59,ontario,Blue Mountain,Ikon,2021 - To Date,2021,"93""",38,"24""","23""","41""","7""",93,"""",93.0
60,michigan,Boyne Mountain,Ikon,2012 - 2013,2012,"122""",48,"21""","33""","45""","10""",122,"""",122.0
61,michigan,Boyne Mountain,Ikon,2013 - 2014,2013,"217""",81,"31""","45""","60""","10""",217,"""",217.0
62,michigan,Boyne Mountain,Ikon,2014 - 2015,2014,"101""",42,"25""","34""","48""","10""",101,"""",101.0
63,michigan,Boyne Mountain,Ikon,2015 - 2016,2015,"113""",36,"14""","25""","40""","10""",113,"""",113.0
64,michigan,Boyne Mountain,Ikon,2016 - 2017,2016,"138""",50,"25""","31""","50""","10""",138,"""",138.0
65,michigan,Boyne Mountain,Ikon,2017 - 2018,2017,"130""",40,"24""","31""","45""","20""",130,"""",130.0
66,michigan,Boyne Mountain,Ikon,2018 - 2019,2018,"140""",46,"25""","26""","73""","13""",140,"""",140.0
67,michigan,Boyne Mountain,Ikon,2019 - 2020,2019,"110""",41,"20""","20""","42""","6""",110,"""",110.0
68,michigan,Boyne Mountain,Ikon,2020 - 2021,2020,"42""",23,"19""","18""","48""","6""",42,"""",42.0
69,michigan,Boyne Mountain,Ikon,2021 - To Date,2021,"90""",45,"25""","25""","40""","8""",90,"""",90.0
70,utah,Brighton,Ikon,2012 - 2013,2012,"306""",60,"47""","46""","99""","17""",306,"""",306.0
71,utah,Brighton,Ikon,2013 - 2014,2013,"265""",48,"48""","49""","113""","14""",265,"""",265.0
72,utah,Brighton,Ikon,2014 - 2015,2014,"220""",49,"36""","36""","79""","18""",220,"""",220.0
73,utah,Brighton,Ikon,2015 - 2016,2015,"386""",65,"44""","44""","99""","33""",386,"""",386.0
74,utah,Brighton,Ikon,2016 - 2017,2016,"518""",75,"55""","67""","149""","24""",518,"""",518.0
75,utah,Brighton,Ikon,2017 - 2018,2017,"329""",67,"39""","38""","83""","16""",329,"""",329.0
76,utah,Brighton,Ikon,2018 - 2019,2018,"588""",87,"66""","65""","141""","24""",588,"""",588.0
77,utah,Brighton,Ikon,2019 - 2020,2019,"388""",58,"41""","40""","100""","24""",388,"""",388.0
78,utah,Brighton,Ikon,2020 - 2021,2020,"321""",56,"43""","42""","95""","22""",321,"""",321.0
79,utah,Brighton,Ikon,2021 - To Date,2021,"259""",40,"61""","57""","98""","22""",259,"""",259.0
80,colorado,Copper Mountain,Ikon,2012 - 2013,2012,"237""",77,"29""","28""","80""","13""",237,"""",237.0
81,colorado,Copper Mountain,Ikon,2013 - 2014,2013,"352""",87,"42""","47""","91""","18""",352,"""",352.0
82,colorado,Copper Mountain,Ikon,2014 - 2015,2014,"254""",63,"35""","39""","70""","17""",254,"""",254.0
83,colorado,Copper Mountain,Ikon,2015 - 2016,2015,"247""",71,"33""","40""","76""","15""",247,"""",247.0
84,colorado,Copper Mountain,Ikon,2016 - 2017,2016,"246""",70,"32""","39""","64""","16""",246,"""",246.0
85,colorado,Copper Mountain,Ikon,2017 - 2018,2017,"202""",59,"29""","37""","73""","18""",202,"""",202.0
86,colorado,Copper Mountain,Ikon,2018 - 2019,2018,"246""",69,"37""","52""","87""","19""",246,"""",246.0
87,colorado,Copper Mountain,Ikon,2019 - 2020,2019,"201""",65,"23""","32""","61""","17""",201,"""",201.0
88,colorado,Copper Mountain,Ikon,2020 - 2021,2020,"185""",76,"23""","27""","50""","9""",185,"""",185.0
89,colorado,Copper Mountain,Ikon,2021 - To Date,2021,"188""",61,"41""","48""","62""","13""",188,"""",188.0
90,washington,Crystal Mountain,Ikon,2012 - 2013,2012,"838""",104,"47""","82""","79""","52""",838,"""",838.0
91,washington,Crystal Mountain,Ikon,2013 - 2014,2013,"429""",81,"32""","72""","80""","38""",429,"""",429.0
92,washington,Crystal Mountain,Ikon,2014 - 2015,2014,"154""",41,"7""","25""","30""","14""",154,"""",154.0
93,washington,Crystal Mountain,Ikon,2015 - 2016,2015,"409""",78,"40""","63""","90""","21""",409,"""",409.0
94,washington,Crystal Mountain,Ikon,2016 - 2017,2016,"388""",88,"38""","53""","84""","19""",388,"""",388.0
95,washington,Crystal Mountain,Ikon,2017 - 2018,2017,"403""",78,"38""","59""","750""","16""",403,"""",403.0
96,washington,Crystal Mountain,Ikon,2018 - 2019,2018,"377""",77,"33""","49""","443""","26""",377,"""",377.0
97,washington,Crystal Mountain,Ikon,2019 - 2020,2019,"326""",57,"43""","41""","96""","20""",326,"""",326.0
98,washington,Crystal Mountain,Ikon,2020 - 2021,2020,"406""",62,"60""","77""","133""","41""",406,"""",406.0
99,washington,Crystal Mountain,Ikon,2021 - To Date,2021,"317""",49,"47""","55""","94""","34""",317,"""",317.0
100,british-columbia,Cypress Mountain,Ikon,2012 - 2013,2012,"178""",32,"0""","90""","0""","18""",178,"""",178.0
101,british-columbia,Cypress Mountain,Ikon,2013 - 2014,2013,"196""",53,"20""","37""","45""","14""",196,"""",196.0
102,british-columbia,Cypress Mountain,Ikon,2014 - 2015,2014,"35""",15,"9""","9""","26""","12""",35,"""",35.0
103,british-columbia,Cypress Mountain,Ikon,2015 - 2016,2015,"317""",58,"83""","82""","174""","30""",317,"""",317.0
104,british-columbia,Cypress Mountain,Ikon,2016 - 2017,2016,"361""",69,"43""","86""","127""","26""",361,"""",361.0
105,british-columbia,Cypress Mountain,Ikon,2017 - 2018,2017,"369""",78,"91""","89""","191""","15""",369,"""",369.0
106,british-columbia,Cypress Mountain,Ikon,2018 - 2019,2018,"179""",48,"58""","59""","129""","11""",179,"""",179.0
107,british-columbia,Cypress Mountain,Ikon,2019 - 2020,2019,"236""",55,"49""","48""","152""","15""",236,"""",236.0
108,british-columbia,Cypress Mountain,Ikon,2020 - 2021,2020,"203""",50,"53""","55""","117""","13""",203,"""",203.0
109,british-columbia,Cypress Mountain,Ikon,2021 - To Date,2021,"287""",56,"72""","77""","154""","19""",287,"""",287.0
110,utah,Deer Valley,Ikon,2012 - 2013,2012,"179""",43,"38""","36""","81""","18""",179,"""",179.0
111,utah,Deer Valley,Ikon,2013 - 2014,2013,"208""",48,"41""","37""","100""","14""",208,"""",208.0
112,utah,Deer Valley,Ikon,2014 - 2015,2014,"132""",38,"29""","28""","61""","16""",132,"""",132.0
113,utah,Deer Valley,Ikon,2015 - 2016,2015,"233""",52,"38""","36""","79""","24""",233,"""",233.0
114,utah,Deer Valley,Ikon,2016 - 2017,2016,"388""",57,"62""","56""","1110""","20""",388,"""",388.0
115,utah,Deer Valley,Ikon,2017 - 2018,2017,"164""",40,"28""","26""","67""","16""",164,"""",164.0
116,utah,Deer Valley,Ikon,2018 - 2019,2018,"337""",63,"54""","50""","122""","23""",337,"""",337.0
117,utah,Deer Valley,Ikon,2019 - 2020,2019,"165""",37,"30""","29""","76""","15""",165,"""",165.0
118,utah,Deer Valley,Ikon,2020 - 2021,2020,"235""",49,"26""","26""","65""","19""",235,"""",235.0
119,utah,Deer Valley,Ikon,2021 - To Date,2021,"189""",42,"38""","37""","63""","18""",189,"""",189.0
120,colorado,Eldora,Ikon,2012 - 2013,2012,"225""",54,"25""","25""","46""","12""",225,"""",225.0
121,colorado,Eldora,Ikon,2013 - 2014,2013,"318""",64,"37""","34""","75""","18""",318,"""",318.0
122,colorado,Eldora,Ikon,2014 - 2015,2014,"181""",45,"34""","32""","59""","15""",181,"""",181.0
123,colorado,Eldora,Ikon,2015 - 2016,2015,"204""",52,"30""","29""","55""","12""",204,"""",204.0
124,colorado,Eldora,Ikon,2016 - 2017,2016,"233""",53,"26""","26""","48""","12""",233,"""",233.0
125,colorado,Eldora,Ikon,2017 - 2018,2017,"192""",55,"23""","23""","40""","17""",192,"""",192.0
126,colorado,Eldora,Ikon,2018 - 2019,2018,"205""",70,"26""","26""","50""","14""",205,"""",205.0
127,colorado,Eldora,Ikon,2019 - 2020,2019,"155""",48,"24""","24""","75""","18""",155,"""",155.0
128,colorado,Eldora,Ikon,2020 - 2021,2020,"136""",51,"23""","23""","60""","11""",136,"""",136.0
129,colorado,Eldora,Ikon,2021 - To Date,2021,"120""",44,"25""","24""","30""","8""",120,"""",120.0
130,wyoming,Jackson Hole,Ikon,2012 - 2013,2012,"349""",79,"37""","45""","70""","16""",349,"""",349.0
131,wyoming,Jackson Hole,Ikon,2013 - 2014,2013,"431""",75,"51""","55""","131""","19""",431,"""",431.0
132,wyoming,Jackson Hole,Ikon,2014 - 2015,2014,"461""",72,"14""","50""","35""","34""",461,"""",461.0
133,wyoming,Jackson Hole,Ikon,2015 - 2016,2015,"380""",74,"14""","49""","35""","17""",380,"""",380.0
134,wyoming,Jackson Hole,Ikon,2016 - 2017,2016,"483""",83,"17""","73""","52""","19""",483,"""",483.0
135,wyoming,Jackson Hole,Ikon,2017 - 2018,2017,"397""",84,"9""","60""","29""","16""",397,"""",397.0
136,wyoming,Jackson Hole,Ikon,2018 - 2019,2018,"464""",76,"27""","56""","68""","24""",464,"""",464.0
137,wyoming,Jackson Hole,Ikon,2019 - 2020,2019,"451""",71,"15""","45""","45""","23""",451,"""",451.0
138,wyoming,Jackson Hole,Ikon,2020 - 2021,2020,"437""",63,"17""","53""","45""","24""",437,"""",437.0
139,wyoming,Jackson Hole,Ikon,2021 - To Date,2021,"291""",52,"15""","56""","35""","24""",291,"""",291.0
140,california,June Mountain,Ikon,2012 - 2013,2012,"0""",0,"0""","0""","0""","0""",0,"""",0.0
141,california,June Mountain,Ikon,2013 - 2014,2013,"115""",20,"7""","15""","24""","16""",115,"""",115.0
142,california,June Mountain,Ikon,2014 - 2015,2014,"75""",16,"3""","11""","12""","24""",75,"""",75.0
143,california,June Mountain,Ikon,2015 - 2016,2015,"199""",38,"18""","26""","40""","24""",199,"""",199.0
144,california,June Mountain,Ikon,2016 - 2017,2016,"415""",38,"19""","60""","72""","48""",415,"""",415.0
145,california,June Mountain,Ikon,2017 - 2018,2017,"217""",23,"4""","23""","48""","36""",217,"""",217.0
146,california,June Mountain,Ikon,2018 - 2019,2018,"492""",44,"26""","52""","72""","73""",492,"""",492.0
147,california,June Mountain,Ikon,2019 - 2020,2019,"50""",12,"6""","19""","24""","12""",50,"""",50.0
148,california,June Mountain,Ikon,2020 - 2021,2020,"109""",14,"18""","25""","60""","23""",109,"""",109.0
149,california,June Mountain,Ikon,2021 - To Date,2021,"94""",10,"27""","48""","65""","27""",94,"""",94.0
150,vermont,Killington,Ikon,2012 - 2013,2012,"182""",54,"26""","32""","36""","18""",182,"""",182.0
151,vermont,Killington,Ikon,2013 - 2014,2013,"197""",54,"10""","23""","16""","19""",197,"""",197.0
152,vermont,Killington,Ikon,2014 - 2015,2014,"191""",67,"16""","24""","30""","16""",191,"""",191.0
153,vermont,Killington,Ikon,2015 - 2016,2015,"67""",33,"5""","17""","12""","7""",67,"""",67.0
154,vermont,Killington,Ikon,2016 - 2017,2016,"225""",67,"15""","25""","24""","12""",225,"""",225.0
155,vermont,Killington,Ikon,2017 - 2018,2017,"223""",59,"13""","19""","24""","14""",223,"""",223.0
156,vermont,Killington,Ikon,2018 - 2019,2018,"197""",62,"24""","29""","36""","11""",197,"""",197.0
157,vermont,Killington,Ikon,2019 - 2020,2019,"146""",52,"14""","16""","36""","12""",146,"""",146.0
158,vermont,Killington,Ikon,2020 - 2021,2020,"151""",42,"22""","25""","36""","15""",151,"""",151.0
159,vermont,Killington,Ikon,2021 - To Date,2021,"118""",35,"23""","25""","30""","19""",118,"""",118.0
160,alberta,Lake Louise,Ikon,2012 - 2013,2012,"184""",80,"10""","51""","46""","11""",184,"""",184.0
161,alberta,Lake Louise,Ikon,2013 - 2014,2013,"298""",89,"44""","48""","81""","16""",298,"""",298.0
162,alberta,Lake Louise,Ikon,2014 - 2015,2014,"183""",64,"30""","41""","62""","13""",183,"""",183.0
163,alberta,Lake Louise,Ikon,2015 - 2016,2015,"133""",60,"30""","38""","49""","21""",133,"""",133.0
164,alberta,Lake Louise,Ikon,2016 - 2017,2016,"214""",95,"39""","58""","70""","12""",214,"""",214.0
165,alberta,Lake Louise,Ikon,2017 - 2018,2017,"290""",89,"45""","61""","76""","16""",290,"""",290.0
166,alberta,Lake Louise,Ikon,2018 - 2019,2018,"199""",81,"39""","49""","62""","28""",199,"""",199.0
167,alberta,Lake Louise,Ikon,2019 - 2020,2019,"211""",73,"30""","33""","74""","14""",211,"""",211.0
168,alberta,Lake Louise,Ikon,2020 - 2021,2020,"175""",76,"35""","44""","72""","15""",175,"""",175.0
169,alberta,Lake Louise,Ikon,2021 - To Date,2021,"234""",83,"49""","69""","68""","21""",234,"""",234.0
170,new-hampshire,Loon Mountain,Ikon,2012 - 2013,2012,"156""",51,"16""","20""","35""","13""",156,"""",156.0
171,new-hampshire,Loon Mountain,Ikon,2013 - 2014,2013,"158""",47,"16""","22""","35""","16""",158,"""",158.0
172,new-hampshire,Loon Mountain,Ikon,2014 - 2015,2014,"147""",52,"14""","18""","31""","10""",147,"""",147.0
173,new-hampshire,Loon Mountain,Ikon,2015 - 2016,2015,"49""",19,"8""","13""","16""","6""",49,"""",49.0
174,new-hampshire,Loon Mountain,Ikon,2016 - 2017,2016,"187""",54,"13""","20""","20""","18""",187,"""",187.0
175,new-hampshire,Loon Mountain,Ikon,2017 - 2018,2017,"172""",46,"15""","21""","35""","12""",172,"""",172.0
176,new-hampshire,Loon Mountain,Ikon,2018 - 2019,2018,"195""",56,"17""","24""","30""","15""",195,"""",195.0
177,new-hampshire,Loon Mountain,Ikon,2019 - 2020,2019,"102""",32,"11""","15""","24""","9""",102,"""",102.0
178,new-hampshire,Loon Mountain,Ikon,2020 - 2021,2020,"105""",41,"13""","18""","28""","12""",105,"""",105.0
179,new-hampshire,Loon Mountain,Ikon,2021 - To Date,2021,"84""",27,"24""","28""","32""","12""",84,"""",84.0
180,california,Mammoth,Ikon,2012 - 2013,2012,"315""",51,"58""","124""","133""","21""",315,"""",315.0
181,california,Mammoth,Ikon,2013 - 2014,2013,"192""",38,"24""","43""","65""","24""",192,"""",192.0
182,california,Mammoth,Ikon,2014 - 2015,2014,"161""",25,"16""","36""","30""","18""",161,"""",161.0
183,california,Mammoth,Ikon,2015 - 2016,2015,"393""",61,"57""","122""","110""","36""",393,"""",393.0
184,california,Mammoth,Ikon,2016 - 2017,2016,"608""",66,"114""","228""","200""","30""",608,"""",608.0
185,california,Mammoth,Ikon,2017 - 2018,2017,"277""",39,"38""","85""","110""","35""",277,"""",277.0
186,california,Mammoth,Ikon,2018 - 2019,2018,"495""",71,"87""","136""","165""","29""",495,"""",495.0
187,california,Mammoth,Ikon,2019 - 2020,2019,"153""",27,"24""","40""","58""","25""",153,"""",153.0
188,california,Mammoth,Ikon,2020 - 2021,2020,"225""",31,"34""","49""","95""","45""",225,"""",225.0
189,california,Mammoth,Ikon,2021 - To Date,2021,"181""",22,"55""","105""","106""","35""",181,"""",181.0
190,oregon,Mt. Bachelor,Ikon,2012 - 2013,2012,"830""",100,"68""","87""","122""","34""",830,"""",830.0
191,oregon,Mt. Bachelor,Ikon,2013 - 2014,2013,"776""",86,"62""","85""","128""","38""",776,"""",776.0
192,oregon,Mt. Bachelor,Ikon,2014 - 2015,2014,"177""",47,"31""","60""","53""","15""",177,"""",177.0
193,oregon,Mt. Bachelor,Ikon,2015 - 2016,2015,"373""",80,"70""","94""","139""","18""",373,"""",373.0
194,oregon,Mt. Bachelor,Ikon,2016 - 2017,2016,"469""",94,"79""","105""","145""","18""",469,"""",469.0
195,oregon,Mt. Bachelor,Ikon,2017 - 2018,2017,"223""",66,"50""","64""","104""","13""",223,"""",223.0
196,oregon,Mt. Bachelor,Ikon,2018 - 2019,2018,"349""",83,"62""","77""","133""","26""",349,"""",349.0
197,oregon,Mt. Bachelor,Ikon,2019 - 2020,2019,"214""",49,"33""","39""","90""","20""",214,"""",214.0
198,oregon,Mt. Bachelor,Ikon,2020 - 2021,2020,"265""",60,"56""","67""","124""","12""",265,"""",265.0
199,oregon,Mt. Bachelor,Ikon,2021 - To Date,2021,"234""",39,"50""","52""","89""","33""",234,"""",234.0
200,alberta,Mt. Norquay,Ikon,2012 - 2013,2012,"53""",28,"4""","31""","35""","6""",53,"""",53.0
201,alberta,Mt. Norquay,Ikon,2013 - 2014,2013,"96""",49,"17""","20""","28""","7""",96,"""",96.0
202,alberta,Mt. Norquay,Ikon,2014 - 2015,2014,"49""",26,"14""","14""","25""","5""",49,"""",49.0
203,alberta,Mt. Norquay,Ikon,2015 - 2016,2015,"74""",55,"5""","23""","31""","14""",74,"""",74.0
204,alberta,Mt. Norquay,Ikon,2016 - 2017,2016,"133""",80,"18""","20""","38""","6""",133,"""",133.0
205,alberta,Mt. Norquay,Ikon,2017 - 2018,2017,"158""",101,"31""","30""","54""","9""",158,"""",158.0
206,alberta,Mt. Norquay,Ikon,2018 - 2019,2018,"98""",76,"22""","21""","35""","12""",98,"""",98.0
207,alberta,Mt. Norquay,Ikon,2019 - 2020,2019,"112""",56,"17""","18""","48""","10""",112,"""",112.0
208,alberta,Mt. Norquay,Ikon,2020 - 2021,2020,"144""",95,"16""","33""","50""","10""",144,"""",144.0
209,alberta,Mt. Norquay,Ikon,2021 - To Date,2021,"98""",57,"35""","40""","48""","11""",98,"""",98.0
210,california,Palisades Tahoe,Ikon,2012 - 2013,2012,"289""",45,"16""","60""","68""","29""",289,"""",289.0
211,california,Palisades Tahoe,Ikon,2013 - 2014,2013,"273""",41,"12""","30""","34""","38""",273,"""",273.0
212,california,Palisades Tahoe,Ikon,2014 - 2015,2014,"193""",32,"14""","24""","34""","17""",193,"""",193.0
213,california,Palisades Tahoe,Ikon,2015 - 2016,2015,"473""",66,"39""","87""","89""","36""",473,"""",473.0
214,california,Palisades Tahoe,Ikon,2016 - 2017,2016,"701""",69,"67""","156""","150""","42""",701,"""",701.0
215,california,Palisades Tahoe,Ikon,2017 - 2018,2017,"377""",46,"24""","59""","104""","42""",377,"""",377.0
216,california,Palisades Tahoe,Ikon,2018 - 2019,2018,"650""",70,"53""","136""","217""","35""",650,"""",650.0
217,california,Palisades Tahoe,Ikon,2019 - 2020,2019,"148""",28,"20""","42""","75""","25""",148,"""",148.0
218,california,Palisades Tahoe,Ikon,2020 - 2021,2020,"275""",42,"37""","14""","84""","28""",275,"""",275.0
219,california,Palisades Tahoe,Ikon,2021 - To Date,2021,"245""",30,"40""","1""","88""","30""",245,"""",245.0
220,british-columbia,Revelstoke,Ikon,2012 - 2013,2012,"191""",62,"27""","55""","107""","11""",191,"""",191.0
221,british-columbia,Revelstoke,Ikon,2013 - 2014,2013,"221""",72,"52""","54""","113""","14""",221,"""",221.0
222,british-columbia,Revelstoke,Ikon,2014 - 2015,2014,"216""",76,"40""","48""","93""","13""",216,"""",216.0
223,british-columbia,Revelstoke,Ikon,2015 - 2016,2015,"285""",99,"21""","59""","65""","15""",285,"""",285.0
224,british-columbia,Revelstoke,Ikon,2016 - 2017,2016,"251""",87,"24""","56""","75""","16""",251,"""",251.0
225,british-columbia,Revelstoke,Ikon,2017 - 2018,2017,"242""",96,"55""","51""","124""","11""",242,"""",242.0
226,british-columbia,Revelstoke,Ikon,2018 - 2019,2018,"185""",88,"18""","49""","78""","11""",185,"""",185.0
227,british-columbia,Revelstoke,Ikon,2019 - 2020,2019,"209""",74,"30""","42""","97""","13""",209,"""",209.0
228,british-columbia,Revelstoke,Ikon,2020 - 2021,2020,"217""",79,"42""","48""","103""","12""",217,"""",217.0
229,british-columbia,Revelstoke,Ikon,2021 - To Date,2021,"287""",96,"71""","78""","112""","15""",287,"""",287.0
230,california,Snow Summit,Ikon,2012 - 2013,2012,"83""",13,"14""","22""","36""","18""",83,"""",83.0
231,california,Snow Summit,Ikon,2013 - 2014,2013,"26""",5,"7""","12""","12""","10""",26,"""",26.0
232,california,Snow Summit,Ikon,2014 - 2015,2014,"59""",11,"7""","14""","18""","11""",59,"""",59.0
233,california,Snow Summit,Ikon,2015 - 2016,2015,"91""",17,"17""","24""","40""","18""",91,"""",91.0
234,california,Snow Summit,Ikon,2016 - 2017,2016,"180""",18,"18""","25""","46""","30""",180,"""",180.0
235,california,Snow Summit,Ikon,2017 - 2018,2017,"36""",10,"14""","22""","36""","8""",36,"""",36.0
236,california,Snow Summit,Ikon,2018 - 2019,2018,"143""",21,"21""","31""","44""","18""",143,"""",143.0
237,california,Snow Summit,Ikon,2019 - 2020,2019,"110""",14,"20""","23""","40""","30""",110,"""",110.0
238,california,Snow Summit,Ikon,2020 - 2021,2020,"121""",16,"25""","29""","60""","28""",121,"""",121.0
239,california,Snow Summit,Ikon,2021 - To Date,2021,"58""",15,"34""","38""","65""","11""",58,"""",58.0
240,utah,Snowbasin,Ikon,2012 - 2013,2012,"197""",40,"36""","36""","78""","20""",197,"""",197.0
241,utah,Snowbasin,Ikon,2013 - 2014,2013,"227""",46,"46""","46""","109""","18""",227,"""",227.0
242,utah,Snowbasin,Ikon,2014 - 2015,2014,"117""",33,"25""","31""","68""","10""",117,"""",117.0
243,utah,Snowbasin,Ikon,2015 - 2016,2015,"253""",55,"35""","46""","80""","22""",253,"""",253.0
244,utah,Snowbasin,Ikon,2016 - 2017,2016,"421""",62,"71""","67""","157""","25""",421,"""",421.0
245,utah,Snowbasin,Ikon,2017 - 2018,2017,"205""",51,"28""","28""","70""","12""",205,"""",205.0
246,utah,Snowbasin,Ikon,2018 - 2019,2018,"432""",78,"62""","60""","237""","21""",432,"""",432.0
247,utah,Snowbasin,Ikon,2019 - 2020,2019,"220""",53,"42""","38""","90""","14""",220,"""",220.0
248,utah,Snowbasin,Ikon,2020 - 2021,2020,"295""",47,"42""","39""","100""","21""",295,"""",295.0
249,utah,Snowbasin,Ikon,2021 - To Date,2021,"198""",35,"37""","38""","69""","23""",198,"""",198.0
250,utah,Snowbird,Ikon,2012 - 2013,2012,"393""",76,"58""","61""","109""","18""",393,"""",393.0
251,utah,Snowbird,Ikon,2013 - 2014,2013,"387""",70,"67""","63""","130""","16""",387,"""",387.0
252,utah,Snowbird,Ikon,2014 - 2015,2014,"327""",59,"54""","77""","91""","25""",327,"""",327.0
253,utah,Snowbird,Ikon,2015 - 2016,2015,"454""",78,"63""","63""","116""","19""",454,"""",454.0
254,utah,Snowbird,Ikon,2016 - 2017,2016,"589""",79,"83""","84""","148""","23""",589,"""",589.0
255,utah,Snowbird,Ikon,2017 - 2018,2017,"390""",63,"55""","54""","115""","20""",390,"""",390.0
256,utah,Snowbird,Ikon,2018 - 2019,2018,"690""",97,"101""","101""","180""","30""",690,"""",690.0
257,utah,Snowbird,Ikon,2019 - 2020,2019,"351""",53,"49""","48""","132""","23""",351,"""",351.0
258,utah,Snowbird,Ikon,2020 - 2021,2020,"350""",66,"55""","53""","106""","27""",350,"""",350.0
259,utah,Snowbird,Ikon,2021 - To Date,2021,"220""",38,"60""","64""","98""","19""",220,"""",220.0
260,utah,Solitude,Ikon,2012 - 2013,2012,"249""",48,"37""","40""","88""","15""",249,"""",249.0
261,utah,Solitude,Ikon,2013 - 2014,2013,"500""",76,"51""","49""","122""","28""",500,"""",500.0
262,utah,Solitude,Ikon,2014 - 2015,2014,"202""",44,"37""","37""","76""","20""",202,"""",202.0
263,utah,Solitude,Ikon,2015 - 2016,2015,"310""",56,"42""","33""","100""","24""",310,"""",310.0
264,utah,Solitude,Ikon,2016 - 2017,2016,"438""",63,"32""","61""","142""","28""",438,"""",438.0
265,utah,Solitude,Ikon,2017 - 2018,2017,"260""",56,"35""","34""","85""","15""",260,"""",260.0
266,utah,Solitude,Ikon,2018 - 2019,2018,"437""",67,"62""","61""","135""","26""",437,"""",437.0
267,utah,Solitude,Ikon,2019 - 2020,2019,"313""",50,"36""","34""","91""","21""",313,"""",313.0
268,utah,Solitude,Ikon,2020 - 2021,2020,"278""",48,"34""","33""","85""","18""",278,"""",278.0
269,utah,Solitude,Ikon,2021 - To Date,2021,"263""",47,"56""","53""","89""","23""",263,"""",263.0
270,colorado,Steamboat,Ikon,2012 - 2013,2012,"380""",77,"31""","66""","67""","28""",380,"""",380.0
271,colorado,Steamboat,Ikon,2013 - 2014,2013,"263""",67,"42""","53""","82""","14""",263,"""",263.0
272,colorado,Steamboat,Ikon,2014 - 2015,2014,"174""",50,"31""","37""","68""","13""",174,"""",174.0
273,colorado,Steamboat,Ikon,2015 - 2016,2015,"331""",73,"39""","46""","84""","12""",331,"""",331.0
274,colorado,Steamboat,Ikon,2016 - 2017,2016,"291""",70,"35""","42""","70""","20""",291,"""",291.0
275,colorado,Steamboat,Ikon,2017 - 2018,2017,"238""",59,"27""","35""","67""","11""",238,"""",238.0
276,colorado,Steamboat,Ikon,2018 - 2019,2018,"320""",79,"40""","53""","86""","14""",320,"""",320.0
277,colorado,Steamboat,Ikon,2019 - 2020,2019,"268""",64,"29""","36""","79""","15""",268,"""",268.0
278,colorado,Steamboat,Ikon,2020 - 2021,2020,"219""",64,"23""","34""","56""","12""",219,"""",219.0
279,colorado,Steamboat,Ikon,2021 - To Date,2021,"211""",54,"36""","53""","58""","18""",211,"""",211.0
280,vermont,Stratton,Ikon,2012 - 2013,2012,"144""",45,"17""","26""","35""","20""",144,"""",144.0
281,vermont,Stratton,Ikon,2013 - 2014,2013,"192""",51,"17""","23""","30""","19""",192,"""",192.0
282,vermont,Stratton,Ikon,2014 - 2015,2014,"159""",45,"18""","28""","45""","14""",159,"""",159.0
283,vermont,Stratton,Ikon,2015 - 2016,2015,"80""",24,"10""","12""","18""","6""",80,"""",80.0
284,vermont,Stratton,Ikon,2016 - 2017,2016,"138""",31,"14""","19""","28""","15""",138,"""",138.0
285,vermont,Stratton,Ikon,2017 - 2018,2017,"164""",29,"17""","21""","40""","30""",164,"""",164.0
286,vermont,Stratton,Ikon,2018 - 2019,2018,"111""",32,"14""","18""","30""","19""",111,"""",111.0
287,vermont,Stratton,Ikon,2019 - 2020,2019,"88""",28,"12""","12""","24""","11""",88,"""",88.0
288,vermont,Stratton,Ikon,2020 - 2021,2020,"113""",28,"12""","12""","24""","24""",113,"""",113.0
289,vermont,Stratton,Ikon,2021 - To Date,2021,"21""",6,"14""","14""","20""","6""",21,"""",21.0
290,vermont,Sugarbush,Ikon,2012 - 2013,2012,"326""",70,"11""","30""","20""","26""",326,"""",326.0
291,vermont,Sugarbush,Ikon,2013 - 2014,2013,"240""",63,"12""","29""","18""","19""",240,"""",240.0
292,vermont,Sugarbush,Ikon,2014 - 2015,2014,"257""",74,"10""","38""","18""","13""",257,"""",257.0
293,vermont,Sugarbush,Ikon,2015 - 2016,2015,"154""",45,"11""","25""","18""","9""",154,"""",154.0
294,vermont,Sugarbush,Ikon,2016 - 2017,2016,"412""",85,"12""","36""","26""","27""",412,"""",412.0
295,vermont,Sugarbush,Ikon,2017 - 2018,2017,"186""",54,"12""","34""","20""","23""",186,"""",186.0
296,vermont,Sugarbush,Ikon,2018 - 2019,2018,"173""",52,"14""","30""","36""","17""",173,"""",173.0
297,vermont,Sugarbush,Ikon,2019 - 2020,2019,"102""",37,"20""","28""","36""","10""",102,"""",102.0
298,vermont,Sugarbush,Ikon,2020 - 2021,2020,"133""",53,"19""","33""","48""","10""",133,"""",133.0
299,vermont,Sugarbush,Ikon,2021 - To Date,2021,"168""",43,"15""","27""","21""","12""",168,"""",168.0
300,maine,Sugarloaf,Ikon,2012 - 2013,2012,"135""",34,"17""","27""","32""","18""",135,"""",135.0
301,maine,Sugarloaf,Ikon,2013 - 2014,2013,"131""",41,"19""","25""","36""","15""",131,"""",131.0
302,maine,Sugarloaf,Ikon,2014 - 2015,2014,"149""",39,"14""","24""","24""","16""",149,"""",149.0
303,maine,Sugarloaf,Ikon,2015 - 2016,2015,"86""",22,"7""","13""","17""","10""",86,"""",86.0
304,maine,Sugarloaf,Ikon,2016 - 2017,2016,"220""",42,"17""","28""","53""","30""",220,"""",220.0
305,maine,Sugarloaf,Ikon,2017 - 2018,2017,"165""",41,"13""","20""","36""","26""",165,"""",165.0
306,maine,Sugarloaf,Ikon,2018 - 2019,2018,"215""",48,"26""","32""","46""","18""",215,"""",215.0
307,maine,Sugarloaf,Ikon,2019 - 2020,2019,"99""",22,"13""","17""","46""","14""",99,"""",99.0
308,maine,Sugarloaf,Ikon,2020 - 2021,2020,"108""",31,"9""","14""","24""","17""",108,"""",108.0
309,maine,Sugarloaf,Ikon,2021 - To Date,2021,"112""",28,"13""","17""","22""","18""",112,"""",112.0
310,idaho,Sun Valley,Ikon,2012 - 2013,2012,"165""",46,"15""","35""","24""","20""",165,"""",165.0
311,idaho,Sun Valley,Ikon,2013 - 2014,2013,"161""",45,"19""","26""","43""","17""",161,"""",161.0
312,idaho,Sun Valley,Ikon,2014 - 2015,2014,"143""",36,"20""","37""","48""","16""",143,"""",143.0
313,idaho,Sun Valley,Ikon,2015 - 2016,2015,"243""",65,"31""","53""","72""","15""",243,"""",243.0
314,idaho,Sun Valley,Ikon,2016 - 2017,2016,"359""",79,"37""","58""","103""","20""",359,"""",359.0
315,idaho,Sun Valley,Ikon,2017 - 2018,2017,"120""",39,"26""","43""","65""","19""",120,"""",120.0
316,idaho,Sun Valley,Ikon,2018 - 2019,2018,"193""",52,"40""","50""","110""","29""",193,"""",193.0
317,idaho,Sun Valley,Ikon,2019 - 2020,2019,"68""",28,"19""","26""","39""","7""",68,"""",68.0
318,idaho,Sun Valley,Ikon,2020 - 2021,2020,"125""",28,"36""","46""","89""","27""",125,"""",125.0
319,idaho,Sun Valley,Ikon,2021 - To Date,2021,"102""",28,"42""","59""","56""","12""",102,"""",102.0
320,maine,Sunday River,Ikon,2012 - 2013,2012,"108""",23,"19""","20""","40""","16""",108,"""",108.0
321,maine,Sunday River,Ikon,2013 - 2014,2013,"111""",26,"18""","26""","36""","20""",111,"""",111.0
322,maine,Sunday River,Ikon,2014 - 2015,2014,"153""",39,"17""","23""","30""","11""",153,"""",153.0
323,maine,Sunday River,Ikon,2015 - 2016,2015,"57""",18,"9""","18""","18""","10""",57,"""",57.0
324,maine,Sunday River,Ikon,2016 - 2017,2016,"196""",33,"16""","25""","30""","23""",196,"""",196.0
325,maine,Sunday River,Ikon,2017 - 2018,2017,"125""",23,"16""","26""","36""","16""",125,"""",125.0
326,maine,Sunday River,Ikon,2018 - 2019,2018,"154""",29,"20""","29""","32""","21""",154,"""",154.0
327,maine,Sunday River,Ikon,2019 - 2020,2019,"102""",21,"12""","15""","26""","12""",102,"""",102.0
328,maine,Sunday River,Ikon,2020 - 2021,2020,"80""",18,"13""","18""","22""","14""",80,"""",80.0
329,maine,Sunday River,Ikon,2021 - To Date,2021,"98""",22,"16""","30""","20""","16""",98,"""",98.0
330,alberta,Sunshine Village,Ikon,2012 - 2013,2012,"209""",85,"52""","52""","87""","15""",209,"""",209.0
331,alberta,Sunshine Village,Ikon,2013 - 2014,2013,"271""",117,"45""","48""","67""","13""",271,"""",271.0
332,alberta,Sunshine Village,Ikon,2014 - 2015,2014,"169""",84,"23""","34""","33""","15""",169,"""",169.0
333,alberta,Sunshine Village,Ikon,2015 - 2016,2015,"226""",108,"43""","43""","74""","18""",226,"""",226.0
334,alberta,Sunshine Village,Ikon,2016 - 2017,2016,"299""",118,"58""","58""","100""","12""",299,"""",299.0
335,alberta,Sunshine Village,Ikon,2017 - 2018,2017,"300""",110,"53""","51""","91""","15""",300,"""",300.0
336,alberta,Sunshine Village,Ikon,2018 - 2019,2018,"174""",76,"49""","49""","75""","10""",174,"""",174.0
337,alberta,Sunshine Village,Ikon,2019 - 2020,2019,"270""",94,"33""","33""","83""","21""",270,"""",270.0
338,alberta,Sunshine Village,Ikon,2020 - 2021,2020,"297""",102,"55""","204""","89""","11""",297,"""",297.0
339,alberta,Sunshine Village,Ikon,2021 - To Date,2021,"266""",74,"68""","77""","94""","13""",266,"""",266.0
340,new-mexico,Taos,Ikon,2012 - 2013,2012,"204""",33,"30""","32""","74""","17""",204,"""",204.0
341,new-mexico,Taos,Ikon,2013 - 2014,2013,"191""",39,"30""","30""","58""","14""",191,"""",191.0
342,new-mexico,Taos,Ikon,2014 - 2015,2014,"179""",31,"36""","35""","84""","21""",179,"""",179.0
343,new-mexico,Taos,Ikon,2015 - 2016,2015,"169""",40,"47""","44""","102""","18""",169,"""",169.0
344,new-mexico,Taos,Ikon,2016 - 2017,2016,"192""",34,"49""","47""","103""","18""",192,"""",192.0
345,new-mexico,Taos,Ikon,2017 - 2018,2017,"78""",21,"14""","12""","23""","9""",78,"""",78.0
346,new-mexico,Taos,Ikon,2018 - 2019,2018,"219""",49,"36""","42""","92""","18""",219,"""",219.0
347,new-mexico,Taos,Ikon,2019 - 2020,2019,"166""",36,"36""","28""","85""","14""",166,"""",166.0
348,new-mexico,Taos,Ikon,2020 - 2021,2020,"165""",36,"32""","32""","82""","16""",165,"""",165.0
349,new-mexico,Taos,Ikon,2021 - To Date,2021,"177""",31,"37""","41""","76""","26""",177,"""",177.0
350,quebec,Tremblant,Ikon,2012 - 2013,2012,"193""",66,"16""","20""","28""","20""",193,"""",193.0
351,quebec,Tremblant,Ikon,2013 - 2014,2013,"201""",79,"20""","20""","28""","9""",201,"""",201.0
352,quebec,Tremblant,Ikon,2014 - 2015,2014,"137""",65,"56""","53""","150""","11""",137,"""",137.0
353,quebec,Tremblant,Ikon,2015 - 2016,2015,"195""",59,"17""","13""","39""","16""",195,"""",195.0
354,quebec,Tremblant,Ikon,2016 - 2017,2016,"211""",78,"34""","33""","141""","17""",211,"""",211.0
355,quebec,Tremblant,Ikon,2017 - 2018,2017,"197""",65,"15""","14""","24""","10""",197,"""",197.0
356,quebec,Tremblant,Ikon,2018 - 2019,2018,"193""",81,"97""","288""","242""","11""",193,"""",193.0
357,quebec,Tremblant,Ikon,2019 - 2020,2019,"135""",51,"39""","40""","242""","15""",135,"""",135.0
358,quebec,Tremblant,Ikon,2020 - 2021,2020,"80""",33,"13""","23""","34""","9""",80,"""",80.0
359,quebec,Tremblant,Ikon,2021 - To Date,2021,"165""",48,"23""","36""","118""","14""",165,"""",165.0
360,colorado,Winter Park,Ikon,2012 - 2013,2012,"300""",88,"33""","36""","80""","12""",300,"""",300.0
361,colorado,Winter Park,Ikon,2013 - 2014,2013,"356""",97,"41""","41""","89""","12""",356,"""",356.0
362,colorado,Winter Park,Ikon,2014 - 2015,2014,"288""",64,"33""","35""","68""","16""",288,"""",288.0
363,colorado,Winter Park,Ikon,2015 - 2016,2015,"385""",81,"47""","53""","87""","15""",385,"""",385.0
364,colorado,Winter Park,Ikon,2016 - 2017,2016,"401""",87,"35""","40""","79""","23""",401,"""",401.0
365,colorado,Winter Park,Ikon,2017 - 2018,2017,"302""",71,"45""","47""","91""","17""",302,"""",302.0
366,colorado,Winter Park,Ikon,2018 - 2019,2018,"328""",79,"51""","53""","99""","21""",328,"""",328.0
367,colorado,Winter Park,Ikon,2019 - 2020,2019,"253""",63,"32""","31""","85""","18""",253,"""",253.0
368,colorado,Winter Park,Ikon,2020 - 2021,2020,"216""",59,"41""","38""","83""","12""",216,"""",216.0
369,colorado,Winter Park,Ikon,2021 - To Date,2021,"183""",50,"41""","42""","72""","13""",183,"""",183.0
370,washington,Summit at Snoqualmie,Ikon,2012 - 2013,2012,"467""",65,"45""","90""","98""","29""",467,"""",467.0
371,washington,Summit at Snoqualmie,Ikon,2013 - 2014,2013,"205""",33,"33""","33""","108""","24""",205,"""",205.0
372,washington,Summit at Snoqualmie,Ikon,2014 - 2015,2014,"37""",9,"10""","9""","23""","10""",37,"""",37.0
373,washington,Summit at Snoqualmie,Ikon,2015 - 2016,2015,"314""",52,"46""","46""","95""","26""",314,"""",314.0
374,washington,Summit at Snoqualmie,Ikon,2016 - 2017,2016,"280""",57,"44""","44""","116""","19""",280,"""",280.0
375,washington,Summit at Snoqualmie,Ikon,2017 - 2018,2017,"302""",63,"47""","58""","103""","18""",302,"""",302.0
376,washington,Summit at Snoqualmie,Ikon,2018 - 2019,2018,"201""",39,"38""","49""","108""","26""",201,"""",201.0
377,washington,Summit at Snoqualmie,Ikon,2019 - 2020,2019,"213""",43,"29""","29""","85""","22""",213,"""",213.0
378,washington,Summit at Snoqualmie,Ikon,2020 - 2021,2020,"216""",41,"45""","50""","126""","19""",216,"""",216.0
379,washington,Summit at Snoqualmie,Ikon,2021 - To Date,2021,"219""",40,"55""","58""","91""","18""",219,"""",219.0
380,west-virginia,Snowshoe,Ikon,2012 - 2013,2012,"156""",51,"17""","32""","42""","12""",156,"""",156.0
381,west-virginia,Snowshoe,Ikon,2013 - 2014,2013,"132""",38,"18""","25""","36""","14""",132,"""",132.0
382,west-virginia,Snowshoe,Ikon,2014 - 2015,2014,"139""",29,"27""","27""","44""","26""",139,"""",139.0
383,west-virginia,Snowshoe,Ikon,2015 - 2016,2015,"120""",30,"15""","15""","40""","28""",120,"""",120.0
384,west-virginia,Snowshoe,Ikon,2016 - 2017,2016,"95""",33,"20""","18""","45""","11""",95,"""",95.0
385,west-virginia,Snowshoe,Ikon,2017 - 2018,2017,"171""",37,"26""","23""","44""","19""",171,"""",171.0
386,west-virginia,Snowshoe,Ikon,2018 - 2019,2018,"95""",28,"28""","28""","52""","12""",95,"""",95.0
387,west-virginia,Snowshoe,Ikon,2019 - 2020,2019,"78""",22,"29""","27""","58""","11""",78,"""",78.0
388,west-virginia,Snowshoe,Ikon,2020 - 2021,2020,"70""",27,"26""","25""","60""","9""",70,"""",70.0
389,west-virginia,Snowshoe,Ikon,2021 - To Date,2021,"70""",19,"38""","36""","50""","16""",70,"""",70.0
390,michigan,The Highlands,Ikon,2012 - 2013,2012,"128""",45,"25""","33""","45""","16""",128,"""",128.0
391,michigan,The Highlands,Ikon,2013 - 2014,2013,"238""",72,"34""","44""","65""","20""",238,"""",238.0
392,michigan,The Highlands,Ikon,2014 - 2015,2014,"98""",39,"22""","32""","50""","14""",98,"""",98.0
393,michigan,The Highlands,Ikon,2015 - 2016,2015,"108""",31,"11""","18""","35""","12""",108,"""",108.0
394,michigan,The Highlands,Ikon,2016 - 2017,2016,"106""",36,"21""","28""","50""","15""",106,"""",106.0
395,michigan,The Highlands,Ikon,2017 - 2018,2017,"111""",30,"24""","30""","56""","16""",111,"""",111.0
396,michigan,The Highlands,Ikon,2018 - 2019,2018,"145""",36,"28""","27""","61""","12""",145,"""",145.0
397,michigan,The Highlands,Ikon,2019 - 2020,2019,"125""",37,"24""","24""","52""","8""",125,"""",125.0
398,michigan,The Highlands,Ikon,2020 - 2021,2020,"63""",18,"21""","20""","47""","10""",63,"""",63.0
399,michigan,The Highlands,Ikon,2021 - To Date,2021,"74""",30,"34""","33""","51""","5""",74,"""",74.0
400,new-york,Windham Mountain,Ikon,2012 - 2013,2012,"107""",35,"9""","20""","26""","14""",107,"""",107.0
401,new-york,Windham Mountain,Ikon,2013 - 2014,2013,"129""",39,"11""","41""","24""","18""",129,"""",129.0
402,new-york,Windham Mountain,Ikon,2014 - 2015,2014,"171""",58,"15""","36""","40""","20""",171,"""",171.0
403,new-york,Windham Mountain,Ikon,2015 - 2016,2015,"12""",7,"8""","7""","18""","3""",12,"""",12.0
404,new-york,Windham Mountain,Ikon,2016 - 2017,2016,"112""",26,"5""","29""","10""","30""",112,"""",112.0
405,new-york,Windham Mountain,Ikon,2017 - 2018,2017,"99""",18,"10""","20""","24""","26""",99,"""",99.0
406,new-york,Windham Mountain,Ikon,2018 - 2019,2018,"84""",27,"11""","18""","26""","12""",84,"""",84.0
407,new-york,Windham Mountain,Ikon,2019 - 2020,2019,"38""",8,"6""","17""","12""","14""",38,"""",38.0
408,new-york,Windham Mountain,Ikon,2020 - 2021,2020,"90""",25,"12""","21""","24""","26""",90,"""",90.0
409,new-york,Windham Mountain,Ikon,2021 - To Date,2021,"49""",13,"16""","11""","24""","12""",49,"""",49.0
410,colorado,Beaver Creek,Epic,2012 - 2013,2012,"204""",62,"28""","26""","75""","11""",204,"""",204.0
411,colorado,Beaver Creek,Epic,2013 - 2014,2013,"227""",61,"38""","37""","86""","23""",227,"""",227.0
412,colorado,Beaver Creek,Epic,2014 - 2015,2014,"210""",49,"29""","28""","68""","16""",210,"""",210.0
413,colorado,Beaver Creek,Epic,2015 - 2016,2015,"298""",75,"39""","37""","70""","13""",298,"""",298.0
414,colorado,Beaver Creek,Epic,2016 - 2017,2016,"247""",64,"32""","31""","69""","14""",247,"""",247.0
415,colorado,Beaver Creek,Epic,2017 - 2018,2017,"193""",43,"25""","25""","68""","12""",193,"""",193.0
416,colorado,Beaver Creek,Epic,2018 - 2019,2018,"276""",73,"36""","36""","94""","16""",276,"""",276.0
417,colorado,Beaver Creek,Epic,2019 - 2020,2019,"216""",57,"26""","24""","65""","9""",216,"""",216.0
418,colorado,Beaver Creek,Epic,2020 - 2021,2020,"202""",61,"24""","24""","56""","11""",202,"""",202.0
419,colorado,Beaver Creek,Epic,2021 - To Date,2021,"185""",53,"44""","44""","67""","10""",185,"""",185.0
420,colorado,Breckenridge,Epic,2012 - 2013,2012,"275""",74,"36""","31""","558""","12""",275,"""",275.0
421,colorado,Breckenridge,Epic,2013 - 2014,2013,"388""",81,"49""","47""","104""","23""",388,"""",388.0
422,colorado,Breckenridge,Epic,2014 - 2015,2014,"289""",62,"39""","39""","77""","16""",289,"""",289.0
423,colorado,Breckenridge,Epic,2015 - 2016,2015,"321""",73,"38""","37""","87""","15""",321,"""",321.0
424,colorado,Breckenridge,Epic,2016 - 2017,2016,"279""",73,"37""","36""","86""","19""",279,"""",279.0
425,colorado,Breckenridge,Epic,2017 - 2018,2017,"271""",62,"32""","31""","83""","14""",271,"""",271.0
426,colorado,Breckenridge,Epic,2018 - 2019,2018,"387""",96,"62""","62""","107""","17""",387,"""",387.0
427,colorado,Breckenridge,Epic,2019 - 2020,2019,"280""",63,"32""","28""","88""","20""",280,"""",280.0
428,colorado,Breckenridge,Epic,2020 - 2021,2020,"284""",87,"35""","35""","66""","13""",284,"""",284.0
429,colorado,Breckenridge,Epic,2021 - To Date,2021,"214""",60,"39""","39""","67""","12""",214,"""",214.0
430,northern-alps,Brides les Bains,Epic,2012 - 2013,2012,0cm,0,0cm,0cm,0cm,0cm,0,cm,0.0
431,northern-alps,Brides les Bains,Epic,2013 - 2014,2013,55cm,3,45cm,60cm,141cm,20cm,55,cm,21.653543307086615
432,northern-alps,Brides les Bains,Epic,2014 - 2015,2014,15cm,1,8cm,91cm,40cm,15cm,15,cm,5.905511811023622
433,northern-alps,Brides les Bains,Epic,2015 - 2016,2015,200cm,27,52cm,120cm,125cm,40cm,200,cm,78.74015748031496
434,northern-alps,Brides les Bains,Epic,2016 - 2017,2016,238cm,16,25cm,95cm,90cm,40cm,238,cm,93.7007874015748
435,northern-alps,Brides les Bains,Epic,2017 - 2018,2017,486cm,34,74cm,214cm,125cm,40cm,486,cm,191.33858267716536
436,northern-alps,Brides les Bains,Epic,2018 - 2019,2018,0cm,0,53cm,110cm,140cm,0cm,0,cm,0.0
437,northern-alps,Brides les Bains,Epic,2019 - 2020,2019,193cm,20,63cm,147cm,120cm,30cm,193,cm,75.98425196850394
438,northern-alps,Brides les Bains,Epic,2020 - 2021,2020,0cm,0,0cm,0cm,0cm,0cm,0,cm,0.0
439,northern-alps,Brides les Bains,Epic,2021 - To Date,2021,67cm,7,61cm,107cm,140cm,25cm,67,cm,26.37795275590551
440,northern-alps,Courchevel,Epic,2012 - 2013,2012,261cm,37,101cm,149cm,180cm,20cm,261,cm,102.75590551181102
441,northern-alps,Courchevel,Epic,2013 - 2014,2013,396cm,37,84cm,108cm,163cm,25cm,396,cm,155.90551181102362
442,northern-alps,Courchevel,Epic,2014 - 2015,2014,402cm,33,53cm,94cm,113cm,46cm,402,cm,158.26771653543307
443,northern-alps,Courchevel,Epic,2015 - 2016,2015,214cm,28,82cm,135cm,168cm,26cm,214,cm,84.25196850393701
444,northern-alps,Courchevel,Epic,2016 - 2017,2016,203cm,14,54cm,112cm,166cm,41cm,203,cm,79.92125984251969
445,northern-alps,Courchevel,Epic,2017 - 2018,2017,496cm,36,141cm,209cm,232cm,42cm,496,cm,195.2755905511811
446,northern-alps,Courchevel,Epic,2018 - 2019,2018,238cm,31,77cm,127cm,156cm,25cm,238,cm,93.7007874015748
447,northern-alps,Courchevel,Epic,2019 - 2020,2019,559cm,42,103cm,150cm,204cm,43cm,559,cm,220.07874015748033
448,northern-alps,Courchevel,Epic,2020 - 2021,2020,92cm,4,22cm,12cm,120cm,32cm,92,cm,36.22047244094488
449,northern-alps,Courchevel,Epic,2021 - To Date,2021,381cm,28,91cm,117cm,144cm,31cm,381,cm,150.0
450,british-columbia,Fernie,Epic,2012 - 2013,2012,"297""",71,"35""","56""","71""","19""",297,"""",297.0
451,british-columbia,Fernie,Epic,2013 - 2014,2013,"310""",64,"29""","64""","51""","15""",310,"""",310.0
452,british-columbia,Fernie,Epic,2014 - 2015,2014,"149""",44,"12""","37""","23""","26""",149,"""",149.0
453,british-columbia,Fernie,Epic,2015 - 2016,2015,"271""",83,"26""","61""","63""","14""",271,"""",271.0
454,british-columbia,Fernie,Epic,2016 - 2017,2016,"378""",88,"23""","57""","63""","14""",378,"""",378.0
455,british-columbia,Fernie,Epic,2017 - 2018,2017,"362""",83,"34""","62""","63""","19""",362,"""",362.0
456,british-columbia,Fernie,Epic,2018 - 2019,2018,"276""",57,"22""","44""","49""","20""",276,"""",276.0
457,british-columbia,Fernie,Epic,2019 - 2020,2019,"253""",61,"25""","45""","67""","14""",253,"""",253.0
458,british-columbia,Fernie,Epic,2020 - 2021,2020,"206""",52,"21""","47""","47""","15""",206,"""",206.0
459,british-columbia,Fernie,Epic,2021 - To Date,2021,"224""",46,"55""","81""","83""","21""",224,"""",224.0
460,trentino,Folgàrida - Marilléva,Epic,2012 - 2013,2012,180cm,11,47cm,109cm,80cm,30cm,180,cm,70.86614173228347
461,trentino,Folgàrida - Marilléva,Epic,2013 - 2014,2013,197cm,6,65cm,177cm,130cm,105cm,197,cm,77.55905511811024
462,trentino,Folgàrida - Marilléva,Epic,2014 - 2015,2014,290cm,10,30cm,77cm,80cm,70cm,290,cm,114.1732283464567
463,trentino,Folgàrida - Marilléva,Epic,2015 - 2016,2015,235cm,12,15cm,69cm,80cm,50cm,235,cm,92.51968503937007
464,trentino,Folgàrida - Marilléva,Epic,2016 - 2017,2016,174cm,11,22cm,52cm,40cm,50cm,174,cm,68.50393700787401
465,trentino,Folgàrida - Marilléva,Epic,2017 - 2018,2017,294cm,20,32cm,127cm,80cm,55cm,294,cm,115.74803149606299
466,trentino,Folgàrida - Marilléva,Epic,2018 - 2019,2018,279cm,9,26cm,71cm,110cm,100cm,279,cm,109.84251968503936
467,trentino,Folgàrida - Marilléva,Epic,2019 - 2020,2019,156cm,11,37cm,145cm,80cm,55cm,156,cm,61.41732283464567
468,trentino,Folgàrida - Marilléva,Epic,2020 - 2021,2020,0cm,0,26cm,44cm,140cm,0cm,0,cm,0.0
469,trentino,Folgàrida - Marilléva,Epic,2021 - To Date,2021,107cm,6,34cm,79cm,86cm,30cm,107,cm,42.125984251968504
470,california,Heavenly,Epic,2012 - 2013,2012,"247""",49,"28""","45""","48""","28""",247,"""",247.0
471,california,Heavenly,Epic,2013 - 2014,2013,"189""",29,"27""","32""","54""","30""",189,"""",189.0
472,california,Heavenly,Epic,2014 - 2015,2014,"89""",24,"23""","22""","39""","12""",89,"""",89.0
473,california,Heavenly,Epic,2015 - 2016,2015,"325""",43,"40""","51""","85""","36""",325,"""",325.0
474,california,Heavenly,Epic,2016 - 2017,2016,"620""",57,"64""","90""","136""","48""",620,"""",620.0
475,california,Heavenly,Epic,2017 - 2018,2017,"271""",38,"13""","41""","32""","30""",271,"""",271.0
476,california,Heavenly,Epic,2018 - 2019,2018,"496""",67,"44""","69""","128""","42""",496,"""",496.0
477,california,Heavenly,Epic,2019 - 2020,2019,"158""",31,"18""","31""","58""","15""",158,"""",158.0
478,california,Heavenly,Epic,2020 - 2021,2020,"132""",31,"26""","41""","55""","22""",132,"""",132.0
479,california,Heavenly,Epic,2021 - To Date,2021,"183""",27,"39""","59""","70""","25""",183,"""",183.0
480,colorado,Keystone,Epic,2012 - 2013,2012,"163""",65,"23""","20""","50""","6""",163,"""",163.0
481,colorado,Keystone,Epic,2013 - 2014,2013,"268""",81,"36""","35""","78""","17""",268,"""",268.0
482,colorado,Keystone,Epic,2014 - 2015,2014,"180""",58,"27""","26""","56""","11""",180,"""",180.0
483,colorado,Keystone,Epic,2015 - 2016,2015,"269""",74,"40""","40""","70""","14""",269,"""",269.0
484,colorado,Keystone,Epic,2016 - 2017,2016,"259""",73,"32""","32""","67""","17""",259,"""",259.0
485,colorado,Keystone,Epic,2017 - 2018,2017,"211""",59,"29""","29""","74""","15""",211,"""",211.0
486,colorado,Keystone,Epic,2018 - 2019,2018,"225""",69,"35""","34""","82""","17""",225,"""",225.0
487,colorado,Keystone,Epic,2019 - 2020,2019,"203""",63,"24""","22""","63""","11""",203,"""",203.0
488,colorado,Keystone,Epic,2020 - 2021,2020,"192""",69,"26""","26""","59""","11""",192,"""",192.0
489,colorado,Keystone,Epic,2021 - To Date,2021,"142""",54,"32""","32""","53""","9""",142,"""",142.0
490,british-columbia,Kicking Horse,Epic,2012 - 2013,2012,"148""",53,"24""","43""","52""","13""",148,"""",148.0
491,british-columbia,Kicking Horse,Epic,2013 - 2014,2013,"221""",74,"20""","38""","53""","12""",221,"""",221.0
492,british-columbia,Kicking Horse,Epic,2014 - 2015,2014,"196""",82,"6""","36""","28""","16""",196,"""",196.0
493,british-columbia,Kicking Horse,Epic,2015 - 2016,2015,"204""",85,"21""","44""","39""","17""",204,"""",204.0
494,british-columbia,Kicking Horse,Epic,2016 - 2017,2016,"224""",83,"17""","49""","44""","18""",224,"""",224.0
495,british-columbia,Kicking Horse,Epic,2017 - 2018,2017,"243""",96,"20""","51""","56""","13""",243,"""",243.0
496,british-columbia,Kicking Horse,Epic,2018 - 2019,2018,"189""",67,"18""","42""","39""","13""",189,"""",189.0
497,british-columbia,Kicking Horse,Epic,2019 - 2020,2019,"176""",58,"16""","36""","41""","18""",176,"""",176.0
498,british-columbia,Kicking Horse,Epic,2020 - 2021,2020,"151""",45,"45""","143""","83""","12""",151,"""",151.0
499,british-columbia,Kicking Horse,Epic,2021 - To Date,2021,"187""",54,"66""","72""","96""","12""",187,"""",187.0
500,british-columbia,Kimberley,Epic,2012 - 2013,2012,"72""",33,"21""","32""","58""","8""",72,"""",72.0
501,british-columbia,Kimberley,Epic,2013 - 2014,2013,"131""",52,"17""","38""","86""","9""",131,"""",131.0
502,british-columbia,Kimberley,Epic,2014 - 2015,2014,"80""",27,"18""","24""","51""","14""",80,"""",80.0
503,british-columbia,Kimberley,Epic,2015 - 2016,2015,"108""",56,"4""","24""","44""","7""",108,"""",108.0
504,british-columbia,Kimberley,Epic,2016 - 2017,2016,"163""",57,"25""","33""","79""","18""",163,"""",163.0
505,british-columbia,Kimberley,Epic,2017 - 2018,2017,"199""",67,"28""","35""","63""","14""",199,"""",199.0
506,british-columbia,Kimberley,Epic,2018 - 2019,2018,"105""",58,"25""","24""","61""","7""",105,"""",105.0
507,british-columbia,Kimberley,Epic,2019 - 2020,2019,"116""",54,"20""","19""","55""","10""",116,"""",116.0
508,british-columbia,Kimberley,Epic,2020 - 2021,2020,"109""",49,"17""","24""","33""","14""",109,"""",109.0
509,british-columbia,Kimberley,Epic,2021 - To Date,2021,"120""",54,"28""","81""","50""","6""",120,"""",120.0
510,california,Kirkwood,Epic,2012 - 2013,2012,"338""",46,"51""","64""","92""","25""",338,"""",338.0
511,california,Kirkwood,Epic,2013 - 2014,2013,"334""",36,"27""","32""","80""","31""",334,"""",334.0
512,california,Kirkwood,Epic,2014 - 2015,2014,"143""",27,"16""","24""","43""","24""",143,"""",143.0
513,california,Kirkwood,Epic,2015 - 2016,2015,"391""",46,"53""","54""","116""","37""",391,"""",391.0
514,california,Kirkwood,Epic,2016 - 2017,2016,"680""",58,"86""","104""","210""","48""",680,"""",680.0
515,california,Kirkwood,Epic,2017 - 2018,2017,"311""",36,"27""","38""","90""","36""",311,"""",311.0
516,california,Kirkwood,Epic,2018 - 2019,2018,"578""",69,"68""","84""","162""","34""",578,"""",578.0
517,california,Kirkwood,Epic,2019 - 2020,2019,"173""",28,"30""","29""","63""","30""",173,"""",173.0
518,california,Kirkwood,Epic,2020 - 2021,2020,"186""",34,"33""","32""","83""","27""",186,"""",186.0
519,california,Kirkwood,Epic,2021 - To Date,2021,"188""",22,"49""","57""","92""","25""",188,"""",188.0
520,northern-alps,La Tania,Epic,2012 - 2013,2012,141cm,13,77cm,121cm,173cm,30cm,141,cm,55.511811023622045
521,northern-alps,La Tania,Epic,2013 - 2014,2013,197cm,17,65cm,94cm,159cm,20cm,197,cm,77.55905511811024
522,northern-alps,La Tania,Epic,2014 - 2015,2014,312cm,28,51cm,67cm,110cm,45cm,312,cm,122.83464566929133
523,northern-alps,La Tania,Epic,2015 - 2016,2015,185cm,26,78cm,121cm,161cm,31cm,185,cm,72.83464566929133
524,northern-alps,La Tania,Epic,2016 - 2017,2016,147cm,13,49cm,115cm,161cm,39cm,147,cm,57.874015748031496
525,northern-alps,La Tania,Epic,2017 - 2018,2017,325cm,33,134cm,211cm,224cm,53cm,325,cm,127.95275590551181
526,northern-alps,La Tania,Epic,2018 - 2019,2018,179cm,28,63cm,126cm,136cm,18cm,179,cm,70.47244094488188
527,northern-alps,La Tania,Epic,2019 - 2020,2019,339cm,38,77cm,151cm,167cm,40cm,339,cm,133.46456692913387
528,northern-alps,La Tania,Epic,2020 - 2021,2020,0cm,0,0cm,0cm,0cm,0cm,0,cm,0.0
529,northern-alps,La Tania,Epic,2021 - To Date,2021,182cm,20,81cm,115cm,129cm,25cm,182,cm,71.65354330708661
530,northern-alps,Les Menuires,Epic,2012 - 2013,2012,607cm,51,83cm,176cm,140cm,65cm,607,cm,238.9763779527559
531,northern-alps,Les Menuires,Epic,2013 - 2014,2013,298cm,30,76cm,108cm,143cm,35cm,298,cm,117.32283464566929
532,northern-alps,Les Menuires,Epic,2014 - 2015,2014,313cm,31,54cm,105cm,88cm,50cm,313,cm,123.22834645669292
533,northern-alps,Les Menuires,Epic,2015 - 2016,2015,288cm,32,62cm,126cm,125cm,29cm,288,cm,113.38582677165354
534,northern-alps,Les Menuires,Epic,2016 - 2017,2016,295cm,23,39cm,112cm,95cm,50cm,295,cm,116.14173228346456
535,northern-alps,Les Menuires,Epic,2017 - 2018,2017,367cm,36,127cm,226cm,214cm,50cm,367,cm,144.48818897637796
536,northern-alps,Les Menuires,Epic,2018 - 2019,2018,225cm,26,63cm,144cm,162cm,30cm,225,cm,88.58267716535433
537,northern-alps,Les Menuires,Epic,2019 - 2020,2019,384cm,32,87cm,185cm,182cm,34cm,384,cm,151.1811023622047
538,northern-alps,Les Menuires,Epic,2020 - 2021,2020,126cm,9,53cm,123cm,175cm,32cm,126,cm,49.60629921259842
539,northern-alps,Les Menuires,Epic,2021 - To Date,2021,286cm,23,81cm,139cm,130cm,39cm,286,cm,112.59842519685039
540,trentino,Madonna Di Campiglio,Epic,2012 - 2013,2012,417cm,12,49cm,118cm,80cm,120cm,417,cm,164.17322834645668
541,trentino,Madonna Di Campiglio,Epic,2013 - 2014,2013,487cm,17,127cm,173cm,250cm,90cm,487,cm,191.73228346456693
542,trentino,Madonna Di Campiglio,Epic,2014 - 2015,2014,197cm,10,38cm,137cm,90cm,50cm,197,cm,77.55905511811024
543,trentino,Madonna Di Campiglio,Epic,2015 - 2016,2015,383cm,16,33cm,91cm,108cm,60cm,383,cm,150.78740157480314
544,trentino,Madonna Di Campiglio,Epic,2016 - 2017,2016,243cm,13,19cm,59cm,50cm,40cm,243,cm,95.66929133858268
545,trentino,Madonna Di Campiglio,Epic,2017 - 2018,2017,318cm,25,84cm,190cm,152cm,80cm,318,cm,125.19685039370079
546,trentino,Madonna Di Campiglio,Epic,2018 - 2019,2018,155cm,7,28cm,87cm,70cm,80cm,155,cm,61.023622047244096
547,trentino,Madonna Di Campiglio,Epic,2019 - 2020,2019,585cm,24,58cm,155cm,80cm,75cm,585,cm,230.31496062992125
548,trentino,Madonna Di Campiglio,Epic,2020 - 2021,2020,2cm,1,103cm,148cm,177cm,2cm,2,cm,0.7874015748031495
549,trentino,Madonna Di Campiglio,Epic,2021 - To Date,2021,175cm,8,31cm,70cm,49cm,46cm,175,cm,68.89763779527559
550,northern-alps,Meribel,Epic,2012 - 2013,2012,732cm,46,88cm,167cm,155cm,60cm,732,cm,288.18897637795277
551,northern-alps,Meribel,Epic,2013 - 2014,2013,77cm,10,64cm,100cm,141cm,30cm,77,cm,30.31496062992126
552,northern-alps,Meribel,Epic,2014 - 2015,2014,209cm,20,41cm,92cm,108cm,40cm,209,cm,82.28346456692913
553,northern-alps,Meribel,Epic,2015 - 2016,2015,200cm,27,59cm,126cm,125cm,40cm,200,cm,78.74015748031496
554,northern-alps,Meribel,Epic,2016 - 2017,2016,258cm,17,27cm,98cm,90cm,40cm,258,cm,101.5748031496063
555,northern-alps,Meribel,Epic,2017 - 2018,2017,515cm,36,73cm,213cm,125cm,40cm,515,cm,202.75590551181102
556,northern-alps,Meribel,Epic,2018 - 2019,2018,220cm,23,57cm,131cm,140cm,30cm,220,cm,86.61417322834646
557,northern-alps,Meribel,Epic,2019 - 2020,2019,313cm,33,61cm,154cm,120cm,30cm,313,cm,123.22834645669292
558,northern-alps,Meribel,Epic,2020 - 2021,2020,50cm,2,15cm,39cm,80cm,30cm,50,cm,19.68503937007874
559,northern-alps,Meribel,Epic,2021 - To Date,2021,234cm,25,62cm,117cm,100cm,40cm,234,cm,92.1259842519685
560,quebec,Mont-Sainte-Anne,Epic,2012 - 2013,2012,"170""",69,"25""","30""","46""","14""",170,"""",170.0
561,quebec,Mont-Sainte-Anne,Epic,2013 - 2014,2013,"197""",78,"71""","36""","185""","21""",197,"""",197.0
562,quebec,Mont-Sainte-Anne,Epic,2014 - 2015,2014,"167""",57,"12""","27""","52""","12""",167,"""",167.0
563,quebec,Mont-Sainte-Anne,Epic,2015 - 2016,2015,"172""",70,"78""","77""","166""","8""",172,"""",172.0
564,quebec,Mont-Sainte-Anne,Epic,2016 - 2017,2016,"213""",75,"22""","23""","49""","17""",213,"""",213.0
565,quebec,Mont-Sainte-Anne,Epic,2017 - 2018,2017,"185""",72,"16""","18""","26""","13""",185,"""",185.0
566,quebec,Mont-Sainte-Anne,Epic,2018 - 2019,2018,"197""",65,"15""","26""","28""","13""",197,"""",197.0
567,quebec,Mont-Sainte-Anne,Epic,2019 - 2020,2019,"153""",59,"11""","8""","25""","16""",153,"""",153.0
568,quebec,Mont-Sainte-Anne,Epic,2020 - 2021,2020,"94""",47,"13""","15""","71""","9""",94,"""",94.0
569,quebec,Mont-Sainte-Anne,Epic,2021 - To Date,2021,"145""",63,"18""","24""","35""","8""",145,"""",145.0
570,alberta,Nakiska,Epic,2012 - 2013,2012,"93""",46,"13""","27""","22""","14""",93,"""",93.0
571,alberta,Nakiska,Epic,2013 - 2014,2013,"191""",74,"22""","34""","52""","12""",191,"""",191.0
572,alberta,Nakiska,Epic,2014 - 2015,2014,"67""",32,"15""","16""","25""","9""",67,"""",67.0
573,alberta,Nakiska,Epic,2015 - 2016,2015,"78""",34,"19""","24""","30""","24""",78,"""",78.0
574,alberta,Nakiska,Epic,2016 - 2017,2016,"109""",51,"12""","27""","30""","8""",109,"""",109.0
575,alberta,Nakiska,Epic,2017 - 2018,2017,"145""",78,"21""","32""","43""","12""",145,"""",145.0
576,alberta,Nakiska,Epic,2018 - 2019,2018,"114""",49,"29""","28""","55""","13""",114,"""",114.0
577,alberta,Nakiska,Epic,2019 - 2020,2019,"100""",47,"24""","24""","64""","9""",100,"""",100.0
578,alberta,Nakiska,Epic,2020 - 2021,2020,"58""",42,"21""","27""","47""","7""",58,"""",58.0
579,alberta,Nakiska,Epic,2021 - To Date,2021,"105""",68,"33""","34""","49""","6""",105,"""",105.0
580,valais,Nendaz,Epic,2012 - 2013,2012,270cm,20,72cm,194cm,177cm,40cm,270,cm,106.2992125984252
581,valais,Nendaz,Epic,2013 - 2014,2013,370cm,40,36cm,121cm,95cm,31cm,370,cm,145.66929133858267
582,valais,Nendaz,Epic,2014 - 2015,2014,140cm,11,20cm,132cm,60cm,45cm,140,cm,55.118110236220474
583,valais,Nendaz,Epic,2015 - 2016,2015,216cm,13,33cm,191cm,60cm,40cm,216,cm,85.03937007874016
584,valais,Nendaz,Epic,2016 - 2017,2016,87cm,6,21cm,125cm,40cm,30cm,87,cm,34.25196850393701
585,valais,Nendaz,Epic,2017 - 2018,2017,449cm,20,25cm,214cm,70cm,70cm,449,cm,176.77165354330708
586,valais,Nendaz,Epic,2018 - 2019,2018,281cm,16,17cm,140cm,25cm,30cm,281,cm,110.62992125984252
587,valais,Nendaz,Epic,2019 - 2020,2019,245cm,9,24cm,104cm,50cm,50cm,245,cm,96.45669291338582
588,valais,Nendaz,Epic,2020 - 2021,2020,245cm,16,38cm,112cm,50cm,40cm,245,cm,96.45669291338582
589,valais,Nendaz,Epic,2021 - To Date,2021,180cm,7,32cm,90cm,50cm,70cm,180,cm,70.86614173228347
590,california,Northstar California,Epic,2012 - 2013,2012,"283""",42,"22""","51""","50""","36""",283,"""",283.0
591,california,Northstar California,Epic,2013 - 2014,2013,"177""",32,"14""","26""","25""","32""",177,"""",177.0
592,california,Northstar California,Epic,2014 - 2015,2014,"134""",31,"11""","24""","18""","13""",134,"""",134.0
593,california,Northstar California,Epic,2015 - 2016,2015,"433""",59,"31""","57""","68""","34""",433,"""",433.0
594,california,Northstar California,Epic,2016 - 2017,2016,"692""",64,"47""","88""","131""","42""",692,"""",692.0
595,california,Northstar California,Epic,2017 - 2018,2017,"269""",35,"12""","38""","45""","26""",269,"""",269.0
596,california,Northstar California,Epic,2018 - 2019,2018,"601""",73,"13""","69""","18""","37""",601,"""",601.0
597,california,Northstar California,Epic,2019 - 2020,2019,"202""",34,"0""","26""","0""","29""",202,"""",202.0
598,california,Northstar California,Epic,2020 - 2021,2020,"181""",34,"16""","36""","51""","32""",181,"""",181.0
599,california,Northstar California,Epic,2021 - To Date,2021,"213""",24,"26""","72""","86""","34""",213,"""",213.0
600,vermont,Okemo,Epic,2012 - 2013,2012,"136""",44,"15""","20""","30""","12""",136,"""",136.0
601,vermont,Okemo,Epic,2013 - 2014,2013,"158""",46,"15""","23""","26""","22""",158,"""",158.0
602,vermont,Okemo,Epic,2014 - 2015,2014,"142""",34,"18""","23""","40""","15""",142,"""",142.0
603,vermont,Okemo,Epic,2015 - 2016,2015,"20""",6,"9""","16""","16""","6""",20,"""",20.0
604,vermont,Okemo,Epic,2016 - 2017,2016,"159""",33,"13""","21""","32""","17""",159,"""",159.0
605,vermont,Okemo,Epic,2017 - 2018,2017,"171""",34,"20""","29""","46""","16""",171,"""",171.0
606,vermont,Okemo,Epic,2018 - 2019,2018,"148""",40,"18""","22""","38""","18""",148,"""",148.0
607,vermont,Okemo,Epic,2019 - 2020,2019,"49""",19,"17""","17""","36""","6""",49,"""",49.0
608,vermont,Okemo,Epic,2020 - 2021,2020,"78""",29,"15""","18""","34""","12""",78,"""",78.0
609,vermont,Okemo,Epic,2021 - To Date,2021,"115""",31,"14""","18""","22""","13""",115,"""",115.0
610,northern-alps,Orelle,Epic,2012 - 2013,2012,212cm,18,110cm,183cm,210cm,40cm,212,cm,83.46456692913385
611,northern-alps,Orelle,Epic,2013 - 2014,2013,273cm,28,100cm,173cm,170cm,30cm,273,cm,107.48031496062993
612,northern-alps,Orelle,Epic,2014 - 2015,2014,255cm,30,77cm,124cm,150cm,35cm,255,cm,100.39370078740157
613,northern-alps,Orelle,Epic,2015 - 2016,2015,394cm,31,114cm,180cm,210cm,45cm,394,cm,155.11811023622047
614,northern-alps,Orelle,Epic,2016 - 2017,2016,280cm,19,92cm,159cm,180cm,45cm,280,cm,110.23622047244095
615,northern-alps,Orelle,Epic,2017 - 2018,2017,657cm,45,176cm,239cm,290cm,50cm,657,cm,258.66141732283467
616,northern-alps,Orelle,Epic,2018 - 2019,2018,347cm,32,110cm,167cm,190cm,30cm,347,cm,136.61417322834646
617,northern-alps,Orelle,Epic,2019 - 2020,2019,574cm,34,141cm,232cm,250cm,70cm,574,cm,225.98425196850394
618,northern-alps,Orelle,Epic,2020 - 2021,2020,0cm,0,0cm,0cm,0cm,0cm,0,cm,0.0
619,northern-alps,Orelle,Epic,2021 - To Date,2021,273cm,17,92cm,190cm,150cm,40cm,273,cm,107.48031496062993
620,utah,Park City,Epic,2012 - 2013,2012,"257""",49,"28""","38""","55""","24""",257,"""",257.0
621,utah,Park City,Epic,2013 - 2014,2013,"242""",54,"39""","37""","92""","12""",242,"""",242.0
622,utah,Park City,Epic,2014 - 2015,2014,"154""",41,"30""","28""","66""","17""",154,"""",154.0
623,utah,Park City,Epic,2015 - 2016,2015,"288""",61,"31""","37""","68""","17""",288,"""",288.0
624,utah,Park City,Epic,2016 - 2017,2016,"404""",70,"41""","54""","86""","20""",404,"""",404.0
625,utah,Park City,Epic,2017 - 2018,2017,"167""",43,"23""","29""","50""","14""",167,"""",167.0
626,utah,Park City,Epic,2018 - 2019,2018,"328""",61,"40""","51""","88""","21""",328,"""",328.0
627,utah,Park City,Epic,2019 - 2020,2019,"200""",50,"27""","31""","59""","17""",200,"""",200.0
628,utah,Park City,Epic,2020 - 2021,2020,"186""",43,"27""","28""","60""","20""",186,"""",186.0
629,utah,Park City,Epic,2021 - To Date,2021,"167""",38,"35""","45""","53""","15""",167,"""",167.0
630,trentino,Pontedilegno - Tonale,Epic,2012 - 2013,2012,95cm,5,71cm,222cm,130cm,40cm,95,cm,37.40157480314961
631,trentino,Pontedilegno - Tonale,Epic,2013 - 2014,2013,400cm,10,67cm,357cm,100cm,100cm,400,cm,157.48031496062993
632,trentino,Pontedilegno - Tonale,Epic,2014 - 2015,2014,255cm,10,42cm,371cm,70cm,70cm,255,cm,100.39370078740157
633,trentino,Pontedilegno - Tonale,Epic,2015 - 2016,2015,295cm,10,42cm,113cm,80cm,100cm,295,cm,116.14173228346456
634,trentino,Pontedilegno - Tonale,Epic,2016 - 2017,2016,135cm,9,38cm,117cm,60cm,30cm,135,cm,53.1496062992126
635,trentino,Pontedilegno - Tonale,Epic,2017 - 2018,2017,342cm,22,50cm,198cm,60cm,80cm,342,cm,134.64566929133858
636,trentino,Pontedilegno - Tonale,Epic,2018 - 2019,2018,35cm,3,46cm,271cm,80cm,20cm,35,cm,13.779527559055119
637,trentino,Pontedilegno - Tonale,Epic,2019 - 2020,2019,341cm,15,44cm,366cm,70cm,80cm,341,cm,134.251968503937
638,trentino,Pontedilegno - Tonale,Epic,2020 - 2021,2020,150cm,6,112cm,461cm,150cm,40cm,150,cm,59.05511811023622
639,trentino,Pontedilegno - Tonale,Epic,2021 - To Date,2021,32cm,4,38cm,153cm,50cm,10cm,32,cm,12.598425196850393
640,northern-alps,St Martin de Belleville,Epic,2012 - 2013,2012,498cm,47,63cm,173cm,104cm,30cm,498,cm,196.06299212598424
641,northern-alps,St Martin de Belleville,Epic,2013 - 2014,2013,234cm,27,56cm,110cm,107cm,30cm,234,cm,92.1259842519685
642,northern-alps,St Martin de Belleville,Epic,2014 - 2015,2014,347cm,29,29cm,96cm,68cm,50cm,347,cm,136.61417322834646
643,northern-alps,St Martin de Belleville,Epic,2015 - 2016,2015,300cm,32,38cm,126cm,91cm,40cm,300,cm,118.11023622047244
644,northern-alps,St Martin de Belleville,Epic,2016 - 2017,2016,275cm,22,31cm,113cm,458cm,80cm,275,cm,108.26771653543307
645,northern-alps,St Martin de Belleville,Epic,2017 - 2018,2017,346cm,35,92cm,229cm,169cm,50cm,346,cm,136.2204724409449
646,northern-alps,St Martin de Belleville,Epic,2018 - 2019,2018,182cm,23,51cm,145cm,120cm,30cm,182,cm,71.65354330708661
647,northern-alps,St Martin de Belleville,Epic,2019 - 2020,2019,293cm,30,48cm,185cm,103cm,38cm,293,cm,115.35433070866142
648,northern-alps,St Martin de Belleville,Epic,2020 - 2021,2020,0cm,0,0cm,0cm,0cm,0cm,0,cm,0.0
649,northern-alps,St Martin de Belleville,Epic,2021 - To Date,2021,80cm,6,50cm,141cm,90cm,27cm,80,cm,31.496062992125985
650,utah,Snowbasin,Epic,2012 - 2013,2012,"197""",40,"36""","36""","78""","20""",197,"""",197.0
651,utah,Snowbasin,Epic,2013 - 2014,2013,"227""",46,"46""","46""","109""","18""",227,"""",227.0
652,utah,Snowbasin,Epic,2014 - 2015,2014,"117""",33,"25""","31""","68""","10""",117,"""",117.0
653,utah,Snowbasin,Epic,2015 - 2016,2015,"253""",55,"35""","46""","80""","22""",253,"""",253.0
654,utah,Snowbasin,Epic,2016 - 2017,2016,"421""",62,"71""","67""","157""","25""",421,"""",421.0
655,utah,Snowbasin,Epic,2017 - 2018,2017,"205""",51,"28""","28""","70""","12""",205,"""",205.0
656,utah,Snowbasin,Epic,2018 - 2019,2018,"432""",78,"62""","60""","237""","21""",432,"""",432.0
657,utah,Snowbasin,Epic,2019 - 2020,2019,"220""",53,"42""","38""","90""","14""",220,"""",220.0
658,utah,Snowbasin,Epic,2020 - 2021,2020,"295""",47,"42""","39""","100""","21""",295,"""",295.0
659,utah,Snowbasin,Epic,2021 - To Date,2021,"198""",35,"37""","38""","69""","23""",198,"""",198.0
660,washington,Stevens Pass,Epic,2012 - 2013,2012,"436""",62,"59""","67""","122""","69""",436,"""",436.0
661,washington,Stevens Pass,Epic,2013 - 2014,2013,"373""",65,"50""","75""","134""","20""",373,"""",373.0
662,washington,Stevens Pass,Epic,2014 - 2015,2014,"126""",27,"22""","24""","54""","16""",126,"""",126.0
663,washington,Stevens Pass,Epic,2015 - 2016,2015,"393""",68,"42""","56""","97""","19""",393,"""",393.0
664,washington,Stevens Pass,Epic,2016 - 2017,2016,"350""",67,"51""","57""","114""","17""",350,"""",350.0
665,washington,Stevens Pass,Epic,2017 - 2018,2017,"282""",63,"52""","69""","112""","20""",282,"""",282.0
666,washington,Stevens Pass,Epic,2018 - 2019,2018,"267""",50,"40""","55""","88""","18""",267,"""",267.0
667,washington,Stevens Pass,Epic,2019 - 2020,2019,"422""",65,"41""","55""","122""","21""",422,"""",422.0
668,washington,Stevens Pass,Epic,2020 - 2021,2020,"414""",69,"60""","82""","149""","27""",414,"""",414.0
669,washington,Stevens Pass,Epic,2021 - To Date,2021,"334""",49,"58""","55""","106""","34""",334,"""",334.0
670,quebec,Stoneham Mountain,Epic,2012 - 2013,2012,"134""",35,"12""","11""","33""","11""",134,"""",134.0
671,quebec,Stoneham Mountain,Epic,2013 - 2014,2013,"125""",53,"22""","21""","47""","9""",125,"""",125.0
672,quebec,Stoneham Mountain,Epic,2014 - 2015,2014,"151""",46,"21""","21""","51""","12""",151,"""",151.0
673,quebec,Stoneham Mountain,Epic,2015 - 2016,2015,"147""",48,"10""","10""","39""","13""",147,"""",147.0
674,quebec,Stoneham Mountain,Epic,2016 - 2017,2016,"177""",65,"12""","12""","28""","10""",177,"""",177.0
675,quebec,Stoneham Mountain,Epic,2017 - 2018,2017,"148""",62,"19""","18""","41""","11""",148,"""",148.0
676,quebec,Stoneham Mountain,Epic,2018 - 2019,2018,"166""",51,"24""","24""","67""","10""",166,"""",166.0
677,quebec,Stoneham Mountain,Epic,2019 - 2020,2019,"115""",51,"11""","11""","31""","8""",115,"""",115.0
678,quebec,Stoneham Mountain,Epic,2020 - 2021,2020,"87""",42,"7""","7""","20""","7""",87,"""",87.0
679,quebec,Stoneham Mountain,Epic,2021 - To Date,2021,"133""",59,"23""","23""","51""","8""",133,"""",133.0
680,vermont,Stowe,Epic,2012 - 2013,2012,"218""",53,"21""","37""","36""","14""",218,"""",218.0
681,vermont,Stowe,Epic,2013 - 2014,2013,"231""",60,"17""","34""","44""","20""",231,"""",231.0
682,vermont,Stowe,Epic,2014 - 2015,2014,"249""",66,"19""","41""","36""","12""",249,"""",249.0
683,vermont,Stowe,Epic,2015 - 2016,2015,"146""",44,"9""","21""","20""","12""",146,"""",146.0
684,vermont,Stowe,Epic,2016 - 2017,2016,"330""",69,"18""","36""","40""","28""",330,"""",330.0
685,vermont,Stowe,Epic,2017 - 2018,2017,"258""",66,"18""","37""","36""","18""",258,"""",258.0
686,vermont,Stowe,Epic,2018 - 2019,2018,"242""",63,"20""","27""","37""","21""",242,"""",242.0
687,vermont,Stowe,Epic,2019 - 2020,2019,"182""",48,"18""","33""","36""","21""",182,"""",182.0
688,vermont,Stowe,Epic,2020 - 2021,2020,"184""",68,"13""","27""","30""","10""",184,"""",184.0
689,vermont,Stowe,Epic,2021 - To Date,2021,"166""",49,"16""","34""","24""","17""",166,"""",166.0
690,idaho,Sun Valley,Epic,2012 - 2013,2012,"165""",46,"15""","35""","24""","20""",165,"""",165.0
691,idaho,Sun Valley,Epic,2013 - 2014,2013,"161""",45,"19""","26""","43""","17""",161,"""",161.0
692,idaho,Sun Valley,Epic,2014 - 2015,2014,"143""",36,"20""","37""","48""","16""",143,"""",143.0
693,idaho,Sun Valley,Epic,2015 - 2016,2015,"243""",65,"31""","53""","72""","15""",243,"""",243.0
694,idaho,Sun Valley,Epic,2016 - 2017,2016,"359""",79,"37""","58""","103""","20""",359,"""",359.0
695,idaho,Sun Valley,Epic,2017 - 2018,2017,"120""",39,"26""","43""","65""","19""",120,"""",120.0
696,idaho,Sun Valley,Epic,2018 - 2019,2018,"193""",52,"40""","50""","110""","29""",193,"""",193.0
697,idaho,Sun Valley,Epic,2019 - 2020,2019,"68""",28,"19""","26""","39""","7""",68,"""",68.0
698,idaho,Sun Valley,Epic,2020 - 2021,2020,"125""",28,"36""","46""","89""","27""",125,"""",125.0
699,idaho,Sun Valley,Epic,2021 - To Date,2021,"102""",28,"42""","59""","56""","12""",102,"""",102.0
700,valais,Thyon 2000,Epic,2012 - 2013,2012,210cm,15,36cm,199cm,65cm,40cm,210,cm,82.67716535433071
701,valais,Thyon 2000,Epic,2013 - 2014,2013,260cm,23,34cm,132cm,85cm,40cm,260,cm,102.36220472440945
702,valais,Thyon 2000,Epic,2014 - 2015,2014,99cm,10,14cm,141cm,30cm,30cm,99,cm,38.976377952755904
703,valais,Thyon 2000,Epic,2015 - 2016,2015,201cm,13,30cm,141cm,60cm,40cm,201,cm,79.13385826771653
704,valais,Thyon 2000,Epic,2016 - 2017,2016,87cm,6,21cm,125cm,40cm,30cm,87,cm,34.25196850393701
705,valais,Thyon 2000,Epic,2017 - 2018,2017,449cm,20,25cm,213cm,70cm,70cm,449,cm,176.77165354330708
706,valais,Thyon 2000,Epic,2018 - 2019,2018,196cm,12,17cm,140cm,25cm,30cm,196,cm,77.16535433070867
707,valais,Thyon 2000,Epic,2019 - 2020,2019,165cm,7,23cm,109cm,50cm,50cm,165,cm,64.96062992125984
708,valais,Thyon 2000,Epic,2020 - 2021,2020,250cm,16,38cm,120cm,50cm,40cm,250,cm,98.4251968503937
709,valais,Thyon 2000,Epic,2021 - To Date,2021,180cm,7,31cm,90cm,50cm,70cm,180,cm,70.86614173228347
710,colorado,Vail,Epic,2012 - 2013,2012,"285""",81,"25""","24""","71""","13""",285,"""",285.0
711,colorado,Vail,Epic,2013 - 2014,2013,"263""",65,"39""","36""","449""","21""",263,"""",263.0
712,colorado,Vail,Epic,2014 - 2015,2014,"236""",56,"30""","28""","65""","12""",236,"""",236.0
713,colorado,Vail,Epic,2015 - 2016,2015,"313""",74,"36""","35""","77""","15""",313,"""",313.0
714,colorado,Vail,Epic,2016 - 2017,2016,"215""",69,"31""","30""","65""","10""",215,"""",215.0
715,colorado,Vail,Epic,2017 - 2018,2017,"171""",45,"28""","27""","70""","11""",171,"""",171.0
716,colorado,Vail,Epic,2018 - 2019,2018,"281""",77,"42""","42""","96""","15""",281,"""",281.0
717,colorado,Vail,Epic,2019 - 2020,2019,"229""",59,"32""","31""","87""","17""",229,"""",229.0
718,colorado,Vail,Epic,2020 - 2021,2020,"218""",64,"36""","35""","63""","13""",218,"""",218.0
719,colorado,Vail,Epic,2021 - To Date,2021,"186""",54,"43""","43""","71""","11""",186,"""",186.0
720,northern-alps,Val Thorens,Epic,2012 - 2013,2012,738cm,58,126cm,237cm,200cm,55cm,738,cm,290.5511811023622
721,northern-alps,Val Thorens,Epic,2013 - 2014,2013,619cm,49,96cm,164cm,155cm,75cm,619,cm,243.7007874015748
722,northern-alps,Val Thorens,Epic,2014 - 2015,2014,513cm,40,86cm,137cm,150cm,60cm,513,cm,201.96850393700788
723,northern-alps,Val Thorens,Epic,2015 - 2016,2015,610cm,44,113cm,178cm,190cm,50cm,610,cm,240.15748031496062
724,northern-alps,Val Thorens,Epic,2016 - 2017,2016,445cm,27,91cm,170cm,180cm,45cm,445,cm,175.19685039370077
725,northern-alps,Val Thorens,Epic,2017 - 2018,2017,629cm,47,180cm,224cm,275cm,40cm,629,cm,247.63779527559055
726,northern-alps,Val Thorens,Epic,2018 - 2019,2018,469cm,48,126cm,166cm,216cm,33cm,469,cm,184.64566929133858
727,northern-alps,Val Thorens,Epic,2019 - 2020,2019,726cm,61,175cm,225cm,384cm,35cm,726,cm,285.8267716535433
728,northern-alps,Val Thorens,Epic,2020 - 2021,2020,463cm,40,109cm,149cm,221cm,34cm,463,cm,182.28346456692913
729,northern-alps,Val Thorens,Epic,2021 - To Date,2021,471cm,44,329cm,147cm,35140cm,39cm,471,cm,185.43307086614172
730,valais,Verbier,Epic,2012 - 2013,2012,623cm,33,72cm,187cm,150cm,80cm,623,cm,245.2755905511811
731,valais,Verbier,Epic,2013 - 2014,2013,406cm,44,35cm,121cm,100cm,31cm,406,cm,159.84251968503938
732,valais,Verbier,Epic,2014 - 2015,2014,227cm,24,23cm,115cm,75cm,45cm,227,cm,89.37007874015748
733,valais,Verbier,Epic,2015 - 2016,2015,364cm,30,27cm,136cm,60cm,35cm,364,cm,143.30708661417322
734,valais,Verbier,Epic,2016 - 2017,2016,186cm,17,22cm,127cm,60cm,42cm,186,cm,73.22834645669292
735,valais,Verbier,Epic,2017 - 2018,2017,793cm,42,68cm,228cm,120cm,60cm,793,cm,312.20472440944883
736,valais,Verbier,Epic,2018 - 2019,2018,480cm,32,64cm,169cm,135cm,60cm,480,cm,188.9763779527559
737,valais,Verbier,Epic,2019 - 2020,2019,594cm,34,42cm,202cm,95cm,45cm,594,cm,233.85826771653544
738,valais,Verbier,Epic,2020 - 2021,2020,316cm,27,45cm,140cm,112cm,35cm,316,cm,124.40944881889763
739,valais,Verbier,Epic,2021 - To Date,2021,288cm,27,31cm,83cm,80cm,26cm,288,cm,113.38582677165354
740,valais,Veysonnaz - Printze,Epic,2012 - 2013,2012,290cm,24,37cm,195cm,65cm,25cm,290,cm,114.1732283464567
741,valais,Veysonnaz - Printze,Epic,2013 - 2014,2013,306cm,29,35cm,132cm,85cm,40cm,306,cm,120.47244094488188
742,valais,Veysonnaz - Printze,Epic,2014 - 2015,2014,89cm,9,14cm,142cm,30cm,30cm,89,cm,35.039370078740156
743,valais,Veysonnaz - Printze,Epic,2015 - 2016,2015,186cm,12,30cm,141cm,60cm,40cm,186,cm,73.22834645669292
744,valais,Veysonnaz - Printze,Epic,2016 - 2017,2016,87cm,6,21cm,124cm,40cm,30cm,87,cm,34.25196850393701
745,valais,Veysonnaz - Printze,Epic,2017 - 2018,2017,459cm,21,23cm,213cm,70cm,70cm,459,cm,180.70866141732284
746,valais,Veysonnaz - Printze,Epic,2018 - 2019,2018,251cm,15,21cm,218cm,25cm,30cm,251,cm,98.81889763779527
747,valais,Veysonnaz - Printze,Epic,2019 - 2020,2019,265cm,10,28cm,112cm,50cm,50cm,265,cm,104.33070866141732
748,valais,Veysonnaz - Printze,Epic,2020 - 2021,2020,245cm,16,38cm,113cm,50cm,40cm,245,cm,96.45669291338582
749,valais,Veysonnaz - Printze,Epic,2021 - To Date,2021,157cm,7,27cm,74cm,50cm,70cm,157,cm,61.811023622047244
750,british-columbia,Whistler Blackcomb,Epic,2012 - 2013,2012,"280""",61,"52""","65""","112""","19""",280,"""",280.0
751,british-columbia,Whistler Blackcomb,Epic,2013 - 2014,2013,"274""",80,"54""","53""","117""","25""",274,"""",274.0
752,british-columbia,Whistler Blackcomb,Epic,2014 - 2015,2014,"219""",68,"31""","40""","79""","13""",219,"""",219.0
753,british-columbia,Whistler Blackcomb,Epic,2015 - 2016,2015,"435""",98,"68""","67""","148""","21""",435,"""",435.0
754,british-columbia,Whistler Blackcomb,Epic,2016 - 2017,2016,"505""",110,"27""","77""","106""","25""",505,"""",505.0
755,british-columbia,Whistler Blackcomb,Epic,2017 - 2018,2017,"316""",94,"81""","70""","132""","24""",316,"""",316.0
756,british-columbia,Whistler Blackcomb,Epic,2018 - 2019,2018,"374""",82,"44""","66""","106""","29""",374,"""",374.0
757,british-columbia,Whistler Blackcomb,Epic,2019 - 2020,2019,"295""",76,"40""","39""","108""","18""",295,"""",295.0
758,british-columbia,Whistler Blackcomb,Epic,2020 - 2021,2020,"281""",76,"45""","41""","118""","25""",281,"""",281.0
759,british-columbia,Whistler Blackcomb,Epic,2021 - To Date,2021,"321""",76,"0""","69""","0""","24""",321,"""",321.0
760,minnesota,Afton Alps,Epic,2012 - 2013,2012,"58""",16,"21""","27""","39""","15""",58,"""",58.0
761,minnesota,Afton Alps,Epic,2013 - 2014,2013,"83""",37,"29""","41""","68""","6""",83,"""",83.0
762,minnesota,Afton Alps,Epic,2014 - 2015,2014,"35""",21,"15""","26""","30""","3""",35,"""",35.0
763,minnesota,Afton Alps,Epic,2015 - 2016,2015,"27""",10,"13""","20""","35""","11""",27,"""",27.0
764,minnesota,Afton Alps,Epic,2016 - 2017,2016,"29""",8,"10""","26""","24""","7""",29,"""",29.0
765,minnesota,Afton Alps,Epic,2017 - 2018,2017,"42""",11,"10""","30""","24""","11""",42,"""",42.0
766,minnesota,Afton Alps,Epic,2018 - 2019,2018,"56""",16,"11""","34""","30""","7""",56,"""",56.0
767,minnesota,Afton Alps,Epic,2019 - 2020,2019,"34""",11,"11""","15""","24""","6""",34,"""",34.0
768,minnesota,Afton Alps,Epic,2020 - 2021,2020,"38""",16,"6""","12""","12""","6""",38,"""",38.0
769,minnesota,Afton Alps,Epic,2021 - To Date,2021,"19""",7,"20""","13""","40""","5""",19,"""",19.0
770,trentino,Folgaria - Lavarone,Epic,2012 - 2013,2012,400cm,20,85cm,87cm,160cm,40cm,400,cm,157.48031496062993
771,trentino,Folgaria - Lavarone,Epic,2013 - 2014,2013,385cm,14,69cm,127cm,100cm,50cm,385,cm,151.5748031496063
772,trentino,Folgaria - Lavarone,Epic,2014 - 2015,2014,350cm,15,36cm,61cm,100cm,50cm,350,cm,137.79527559055117
773,trentino,Folgaria - Lavarone,Epic,2015 - 2016,2015,145cm,7,33cm,58cm,60cm,40cm,145,cm,57.08661417322835
774,trentino,Folgaria - Lavarone,Epic,2016 - 2017,2016,120cm,8,22cm,40cm,50cm,40cm,120,cm,47.24409448818898
775,trentino,Folgaria - Lavarone,Epic,2017 - 2018,2017,150cm,9,37cm,67cm,50cm,40cm,150,cm,59.05511811023622
776,trentino,Folgaria - Lavarone,Epic,2018 - 2019,2018,102cm,10,39cm,60cm,80cm,40cm,102,cm,40.15748031496063
777,trentino,Folgaria - Lavarone,Epic,2019 - 2020,2019,240cm,15,31cm,57cm,50cm,40cm,240,cm,94.48818897637796
778,trentino,Folgaria - Lavarone,Epic,2020 - 2021,2020,165cm,5,41cm,105cm,100cm,60cm,165,cm,64.96062992125984
779,trentino,Folgaria - Lavarone,Epic,2021 - To Date,2021,110cm,6,21cm,35cm,40cm,40cm,110,cm,43.30708661417323
780,trentino,Paganella Ski,Epic,2012 - 2013,2012,253cm,12,29cm,85cm,85cm,70cm,253,cm,99.60629921259843
781,trentino,Paganella Ski,Epic,2013 - 2014,2013,551cm,16,36cm,272cm,116cm,60cm,551,cm,216.9291338582677
782,trentino,Paganella Ski,Epic,2014 - 2015,2014,271cm,13,10cm,87cm,25cm,38cm,271,cm,106.69291338582677
783,trentino,Paganella Ski,Epic,2015 - 2016,2015,237cm,13,220cm,85cm,1050cm,60cm,237,cm,93.30708661417323
784,trentino,Paganella Ski,Epic,2016 - 2017,2016,118cm,9,10cm,35cm,25cm,40cm,118,cm,46.45669291338583
785,trentino,Paganella Ski,Epic,2017 - 2018,2017,245cm,16,26cm,108cm,39cm,35cm,245,cm,96.45669291338582
786,trentino,Paganella Ski,Epic,2018 - 2019,2018,164cm,10,27cm,67cm,60cm,60cm,164,cm,64.56692913385827
787,trentino,Paganella Ski,Epic,2019 - 2020,2019,242cm,11,37cm,126cm,50cm,60cm,242,cm,95.2755905511811
788,trentino,Paganella Ski,Epic,2020 - 2021,2020,90cm,2,81cm,76cm,200cm,60cm,90,cm,35.43307086614173
789,trentino,Paganella Ski,Epic,2021 - To Date,2021,148cm,12,35cm,69cm,40cm,50cm,148,cm,58.26771653543307
790,colorado,Crested Butte,Epic,2012 - 2013,2012,"143""",39,"26""","25""","56""","11""",143,"""",143.0
791,colorado,Crested Butte,Epic,2013 - 2014,2013,"246""",49,"42""","38""","87""","25""",246,"""",246.0
792,colorado,Crested Butte,Epic,2014 - 2015,2014,"192""",41,"26""","25""","63""","21""",192,"""",192.0
793,colorado,Crested Butte,Epic,2015 - 2016,2015,"132""",37,"33""","29""","70""","12""",132,"""",132.0
794,colorado,Crested Butte,Epic,2016 - 2017,2016,"335""",68,"45""","43""","90""","21""",335,"""",335.0
795,colorado,Crested Butte,Epic,2017 - 2018,2017,"145""",40,"24""","23""","57""","11""",145,"""",145.0
796,colorado,Crested Butte,Epic,2018 - 2019,2018,"251""",72,"44""","43""","100""","14""",251,"""",251.0
797,colorado,Crested Butte,Epic,2019 - 2020,2019,"168""",49,"26""","25""","72""","10""",168,"""",168.0
798,colorado,Crested Butte,Epic,2020 - 2021,2020,"144""",52,"30""","29""","63""","11""",144,"""",144.0
799,colorado,Crested Butte,Epic,2021 - To Date,2021,"228""",49,"49""","47""","85""","22""",228,"""",228.0
800,trentino,Monte Bondone,Epic,2012 - 2013,2012,145cm,6,40cm,84cm,80cm,50cm,145,cm,57.08661417322835
801,trentino,Monte Bondone,Epic,2013 - 2014,2013,290cm,7,73cm,129cm,140cm,70cm,290,cm,114.1732283464567
802,trentino,Monte Bondone,Epic,2014 - 2015,2014,118cm,8,22cm,53cm,70cm,60cm,118,cm,46.45669291338583
803,trentino,Monte Bondone,Epic,2015 - 2016,2015,95cm,6,42cm,47cm,100cm,45cm,95,cm,37.40157480314961
804,trentino,Monte Bondone,Epic,2016 - 2017,2016,75cm,4,31cm,31cm,60cm,40cm,75,cm,29.52755905511811
805,trentino,Monte Bondone,Epic,2017 - 2018,2017,152cm,9,44cm,68cm,75cm,60cm,152,cm,59.84251968503937
806,trentino,Monte Bondone,Epic,2018 - 2019,2018,102cm,5,22cm,49cm,70cm,60cm,102,cm,40.15748031496063
807,trentino,Monte Bondone,Epic,2019 - 2020,2019,45cm,4,22cm,113cm,35cm,22cm,45,cm,17.716535433070867
808,trentino,Monte Bondone,Epic,2020 - 2021,2020,40cm,1,28cm,50cm,100cm,40cm,40,cm,15.748031496062993
809,trentino,Monte Bondone,Epic,2021 - To Date,2021,40cm,1,19cm,47cm,40cm,40cm,40,cm,15.748031496062993
810,new-hampshire,Mount Sunapee,Epic,2012 - 2013,2012,"96""",24,"12""","20""","25""","20""",96,"""",96.0
811,new-hampshire,Mount Sunapee,Epic,2013 - 2014,2013,"132""",36,"13""","24""","24""","14""",132,"""",132.0
812,new-hampshire,Mount Sunapee,Epic,2014 - 2015,2014,"143""",37,"14""","24""","36""","14""",143,"""",143.0
813,new-hampshire,Mount Sunapee,Epic,2015 - 2016,2015,"32""",11,"7""","14""","18""","6""",32,"""",32.0
814,new-hampshire,Mount Sunapee,Epic,2016 - 2017,2016,"130""",32,"14""","21""","31""","16""",130,"""",130.0
815,new-hampshire,Mount Sunapee,Epic,2017 - 2018,2017,"170""",31,"11""","17""","24""","20""",170,"""",170.0
816,new-hampshire,Mount Sunapee,Epic,2018 - 2019,2018,"71""",20,"12""","18""","24""","12""",71,"""",71.0
817,new-hampshire,Mount Sunapee,Epic,2019 - 2020,2019,"42""",16,"13""","13""","34""","6""",42,"""",42.0
818,new-hampshire,Mount Sunapee,Epic,2020 - 2021,2020,"71""",20,"14""","17""","33""","16""",71,"""",71.0
819,new-hampshire,Mount Sunapee,Epic,2021 - To Date,2021,"50""",18,"22""","22""","34""","6""",50,"""",50.0
820,michigan,Mt. Brighton,Epic,2012 - 2013,2012,"11""",4,"12""","11""","28""","4""",11,"""",11.0
821,michigan,Mt. Brighton,Epic,2013 - 2014,2013,"62""",21,"22""","29""","53""","8""",62,"""",62.0
822,michigan,Mt. Brighton,Epic,2014 - 2015,2014,"36""",13,"14""","17""","30""","12""",36,"""",36.0
823,michigan,Mt. Brighton,Epic,2015 - 2016,2015,"30""",11,"10""","15""","27""","10""",30,"""",30.0
824,michigan,Mt. Brighton,Epic,2016 - 2017,2016,"30""",13,"12""","13""","34""","7""",30,"""",30.0
825,michigan,Mt. Brighton,Epic,2017 - 2018,2017,"77""",32,"17""","17""","43""","6""",77,"""",77.0
826,michigan,Mt. Brighton,Epic,2018 - 2019,2018,"26""",16,"17""","17""","41""","4""",26,"""",26.0
827,michigan,Mt. Brighton,Epic,2019 - 2020,2019,"44""",22,"16""","16""","38""","5""",44,"""",44.0
828,michigan,Mt. Brighton,Epic,2020 - 2021,2020,"39""",22,"16""","16""","46""","9""",39,"""",39.0
829,michigan,Mt. Brighton,Epic,2021 - To Date,2021,"39""",15,"24""","24""","43""","6""",39,"""",39.0
830,trentino,Pejo,Epic,2012 - 2013,2012,245cm,11,47cm,113cm,90cm,50cm,245,cm,96.45669291338582
831,trentino,Pejo,Epic,2013 - 2014,2013,285cm,15,88cm,185cm,160cm,45cm,285,cm,112.20472440944881
832,trentino,Pejo,Epic,2014 - 2015,2014,180cm,7,40cm,119cm,80cm,60cm,180,cm,70.86614173228347
833,trentino,Pejo,Epic,2015 - 2016,2015,133cm,8,13cm,59cm,50cm,60cm,133,cm,52.362204724409445
834,trentino,Pejo,Epic,2016 - 2017,2016,160cm,10,16cm,79cm,35cm,50cm,160,cm,62.99212598425197
835,trentino,Pejo,Epic,2017 - 2018,2017,397cm,18,54cm,157cm,80cm,50cm,397,cm,156.29921259842519
836,trentino,Pejo,Epic,2018 - 2019,2018,25cm,2,10cm,170cm,10cm,15cm,25,cm,9.84251968503937
837,trentino,Pejo,Epic,2019 - 2020,2019,75cm,5,39cm,179cm,80cm,40cm,75,cm,29.52755905511811
838,trentino,Pejo,Epic,2020 - 2021,2020,0cm,0,0cm,0cm,0cm,0cm,0,cm,0.0
839,trentino,Pejo,Epic,2021 - To Date,2021,0cm,0,30cm,74cm,40cm,0cm,0,cm,0.0
840,trentino,Pinzolo,Epic,2012 - 2013,2012,155cm,5,22cm,69cm,40cm,40cm,155,cm,61.023622047244096
841,trentino,Pinzolo,Epic,2013 - 2014,2013,410cm,9,35cm,161cm,50cm,100cm,410,cm,161.41732283464566
842,trentino,Pinzolo,Epic,2014 - 2015,2014,190cm,8,10cm,43cm,20cm,50cm,190,cm,74.80314960629921
843,trentino,Pinzolo,Epic,2015 - 2016,2015,165cm,6,13cm,53cm,40cm,60cm,165,cm,64.96062992125984
844,trentino,Pinzolo,Epic,2016 - 2017,2016,82cm,7,18cm,37cm,30cm,30cm,82,cm,32.28346456692913
845,trentino,Pinzolo,Epic,2017 - 2018,2017,123cm,4,36cm,132cm,50cm,80cm,123,cm,48.425196850393704
846,trentino,Pinzolo,Epic,2018 - 2019,2018,55cm,3,20cm,70cm,50cm,30cm,55,cm,21.653543307086615
847,trentino,Pinzolo,Epic,2019 - 2020,2019,30cm,5,34cm,112cm,42cm,10cm,30,cm,11.811023622047244
848,trentino,Pinzolo,Epic,2020 - 2021,2020,0cm,0,8cm,34cm,40cm,0cm,0,cm,0.0
849,trentino,Pinzolo,Epic,2021 - To Date,2021,54cm,2,23cm,54cm,25cm,40cm,54,cm,21.25984251968504
850,colorado,Telluride,Epic,2012 - 2013,2012,"196""",46,"27""","26""","63""","12""",196,"""",196.0
851,colorado,Telluride,Epic,2013 - 2014,2013,"179""",36,"43""","39""","80""","15""",179,"""",179.0
852,colorado,Telluride,Epic,2014 - 2015,2014,"204""",43,"33""","31""","75""","16""",204,"""",204.0
853,colorado,Telluride,Epic,2015 - 2016,2015,"241""",51,"40""","36""","75""","19""",241,"""",241.0
854,colorado,Telluride,Epic,2016 - 2017,2016,"294""",59,"39""","33""","86""","19""",294,"""",294.0
855,colorado,Telluride,Epic,2017 - 2018,2017,"159""",37,"20""","23""","48""","12""",159,"""",159.0
856,colorado,Telluride,Epic,2018 - 2019,2018,"323""",63,"44""","42""","110""","19""",323,"""",323.0
857,colorado,Telluride,Epic,2019 - 2020,2019,"205""",48,"24""","24""","55""","19""",205,"""",205.0
858,colorado,Telluride,Epic,2020 - 2021,2020,"206""",49,"24""","30""","64""","17""",206,"""",206.0
859,colorado,Telluride,Epic,2021 - To Date,2021,"179""",39,"34""","37""","58""","20""",179,"""",179.0
860,wisconsin,Wilmot Mountain,Epic,2012 - 2013,2012,"44""",18,"14""","33""","56""","12""",44,"""",44.0
861,wisconsin,Wilmot Mountain,Epic,2013 - 2014,2013,"58""",21,"20""","52""","47""","7""",58,"""",58.0
862,wisconsin,Wilmot Mountain,Epic,2014 - 2015,2014,"15""",6,"18""","30""","226""","4""",15,"""",15.0
863,wisconsin,Wilmot Mountain,Epic,2015 - 2016,2015,"12""",6,"4""","15""","16""","5""",12,"""",12.0
864,wisconsin,Wilmot Mountain,Epic,2016 - 2017,2016,"17""",9,"6""","10""","20""","4""",17,"""",17.0
865,wisconsin,Wilmot Mountain,Epic,2017 - 2018,2017,"37""",15,"6""","10""","28""","8""",37,"""",37.0
866,wisconsin,Wilmot Mountain,Epic,2018 - 2019,2018,"35""",9,"9""","15""","24""","10""",35,"""",35.0
867,wisconsin,Wilmot Mountain,Epic,2019 - 2020,2019,"6""",1,"9""","17""","29""","6""",6,"""",6.0
868,wisconsin,Wilmot Mountain,Epic,2020 - 2021,2020,"22""",11,"9""","10""","20""","5""",22,"""",22.0
869,wisconsin,Wilmot Mountain,Epic,2021 - To Date,2021,"10""",4,"19""","18""","64""","4""",10,"""",10.0
